ds,yhat,yhat_lower,yhat_upper,trend,weekly,yearly
2022-01-01,56.0,51.0,60.0,-46.14607633999999,0.13735195994787017,-0.0023732516200041867
2022-01-02,45.0,41.0,49.0,-46.155595719394206,0.13513635672277866,-0.0007726039545718332
2022-01-03,42.0,38.0,47.0,-46.165115098788405,-0.05082008387224833,0.0008842484261574381
2022-01-04,43.0,38.0,47.0,-46.17463447818261,-0.057799268300975544,0.002557573026527083
2022-01-05,42.0,39.0,46.0,-46.18415385757681,-0.055651910845076466,0.004208465815358133
2022-01-06,43.0,38.0,47.0,-46.193673236971016,-0.05979184299995076,0.005799728120874575
2022-01-07,42.0,38.0,46.0,-46.203192616365214,-0.048425210651941525,0.007296686288610566
2022-01-08,45.0,41.0,49.0,-46.21271199575942,0.13735195994755395,0.00866793486903703
2022-01-09,45.0,40.0,49.0,-46.22223137515362,0.13513635672271382,0.009885986190073017
2022-01-10,42.0,38.0,46.0,-46.231750754547825,-0.0508200838722592,0.010927811679715625
2022-01-11,42.0,38.0,47.0,-46.241270133942024,-0.05779926830099184,0.01177526317079696
2022-01-12,42.0,38.0,46.0,-46.25078951333623,-0.05565191084507645,0.012415365567890545
2022-01-13,51.0,47.0,55.0,-46.26030889273043,-0.059791842999997805,0.012840475604128874
2022-01-14,96.0,92.0,100.0,-46.269828272124634,-0.04842521065226533,0.01304830487530487
2022-01-15,53.0,49.0,57.0,-46.27934765151884,0.13735195994761587,0.013041808820706527
2022-01-16,45.0,41.0,49.0,-46.288867030913046,0.13513635672250288,0.01282894673314384
2022-01-17,42.0,38.0,46.0,-46.298386410307245,-0.05082008387238671,0.012422321136980186
2022-01-18,42.0,38.0,46.0,-46.30790578970145,-0.05779926830100815,0.011838707887266334
2022-01-19,42.0,38.0,46.0,-46.31742516909565,-0.055651910845070846,0.011098491038105666
2022-01-20,42.0,38.0,47.0,-46.326944548489855,-0.059791843000044864,0.010225018834486559
2022-01-21,42.0,38.0,46.0,-46.336463927884054,-0.048425210652252554,0.009243899040077271
2022-01-22,45.0,41.0,49.0,-46.34598330727826,0.1373519599478244,0.008182253177294367
2022-01-23,45.0,41.0,49.0,-46.35550268667246,0.13513635672258417,0.007067950091300683
2022-01-24,42.0,38.0,46.0,-46.365022066066665,-0.050820083872074866,0.005928839537124857
2022-01-25,46.0,42.0,50.0,-46.37454144546086,-0.05779926830089632,0.004792006224183071
2022-01-26,50.0,46.0,54.0,-46.38406082485507,-0.05565191084507201,0.003683063944537414
2022-01-27,46.0,42.0,50.0,-46.39358020424927,-0.0597918430000257,0.0026255080853576414
2022-01-28,42.0,38.0,47.0,-46.40309958364348,-0.04842521065212166,0.0016401430199816398
2022-01-29,45.0,41.0,49.0,-46.41261896303768,0.13735195994803293,0.0007445986371916787
2022-01-30,45.0,41.0,49.0,-46.422138342431886,0.13513635672291344,-4.7052332749318235e-05
2022-01-31,43.0,39.0,47.0,-46.431657721826085,-0.05082008387220237,-0.0007245674320740837
2022-02-01,32.0,28.0,36.0,-46.44117710122029,-0.057799268300912615,-0.0012816923755198297
2022-02-02,32.0,28.0,36.0,-46.45069648061449,-0.05565191084507439,-0.0017162013202886746
2022-02-03,32.0,28.0,36.0,-46.46021586000869,-0.05979184300013896,-0.0020298203674366817
2022-02-04,32.0,27.0,36.0,-46.469735239813026,-0.048425210652563576,-0.0022280383840909417
2022-02-05,34.0,30.0,38.0,-46.47925461961736,0.1373519599479482,-0.002319812325519521
2022-02-06,34.0,30.0,38.0,-46.48877399942169,0.13513635672284863,-0.0023171771043779092
2022-02-07,32.0,27.0,36.0,-46.49829337922603,-0.05082008387221322,-0.00223477262280619
2022-02-08,32.0,28.0,36.0,-46.50781275903036,-0.05779926830086487,-0.002089302782846885
2022-02-09,32.0,27.0,36.0,-46.51733213883469,-0.05565191084507677,-0.0018989430626262997
2022-02-10,32.0,28.0,36.0,-46.52685151863902,-0.05979184299994368,-0.001682714543060554
2022-02-11,32.0,27.0,35.0,-46.53637089844336,-0.048425210652432674,-0.0014598430586088016
2022-02-12,34.0,30.0,38.0,-46.54589027824769,0.13735195994815672,-0.0012491224059258121
2022-02-13,47.0,42.0,51.0,-46.55540965805202,0.13513635672263766,-0.001068300271405441
2022-02-14,59.0,55.0,63.0,-46.56492903785636,-0.05082008387234074,-0.0009335047421004279
2022-02-15,44.0,40.0,49.0,-46.57444841766069,-0.05779926830099982,-0.0008587279681985926
2022-02-16,32.0,28.0,36.0,-46.58396779746502,-0.055651910845076744,-0.0008553817878439243
2022-02-17,32.0,28.0,37.0,-46.59348717726936,-0.05979184300005695,-0.0009319379564043054
2022-02-18,32.0,27.0,36.0,-46.60300655707369,-0.0484252106524199,-0.0010936631051211704
2022-02-19,34.0,30.0,39.0,-46.61252593687802,0.13735195994821864,-0.0013424557594998998
2022-02-20,35.0,31.0,39.0,-46.62204531668236,0.13513635672242674,-0.0016767897554082287
2022-02-21,32.0,28.0,36.0,-46.63156469648669,-0.050820083872351596,-0.0020917652848981222
2022-02-22,32.0,28.0,36.0,-46.64108407629102,-0.057799268300952056,-0.0025792656723907384
2022-02-23,32.0,28.0,36.0,-46.650603456095354,-0.055651910845079124,-0.0031282149127960252
2022-02-24,32.0,28.0,37.0,-46.6601228358997,-0.05979184300003778,-0.0037249280831884012
2022-02-25,32.0,28.0,36.0,-46.66964221570403,-0.048425210652289,-0.004353544050965617
2022-02-26,35.0,31.0,39.0,-46.67916159550836,0.1373519599477558,-0.0049965275192089455
2022-02-27,35.0,31.0,39.0,-46.6886809753127,0.13513635672319432,-0.005635225441767553
2022-02-28,32.0,28.0,36.0,-46.69820035511703,-0.050820083872595734,-0.006250461262516791
2022-03-01,32.0,28.0,37.0,-46.70771973492136,-0.05779926830096836,-0.006823149329572174
2022-03-02,32.0,28.0,37.0,-46.7172391147257,-0.055651910845080296,-0.007334911237298241
2022-03-03,33.0,28.0,37.0,-46.72675849453003,-0.05979184299990872,-0.007768675773457094
2022-03-04,32.0,28.0,36.0,-46.73627787433436,-0.04842521065227622,-0.0081092445976121
2022-03-05,35.0,30.0,39.0,-46.7457972541387,0.1373519599478177,-0.008343806738033647
2022-03-06,35.0,31.0,39.0,-46.75531663394303,0.1351363567231295,-0.008462386440086775
2022-03-07,43.0,39.0,47.0,-46.76483601374736,-0.05082008387260661,-0.008458210789556886
2022-03-08,56.0,52.0,60.0,-46.7743553935517,-0.057799268300920595,-0.008327985815635094
2022-03-09,43.0,39.0,47.0,-46.78387477277438,-0.05565191084507348,-0.00807207238696997
2022-03-10,33.0,28.0,37.0,-46.79339415199707,-0.05979184299995577,-0.007694556076254954
2022-03-11,32.0,28.0,36.0,-46.80291353121976,-0.048425210652027206,-0.007203208203849986
2022-03-12,35.0,31.0,39.0,-46.81243291044244,0.1373519599480262,-0.006609338393444783
2022-03-13,35.0,31.0,39.0,-46.82195228966513,0.13513635672291857,-0.005927542094310617
2022-03-14,32.0,28.0,36.0,-46.83147166888781,-0.05082008387217812,-0.005175349557358725
2022-03-15,32.0,29.0,37.0,-46.840991048110496,-0.057799268300936894,-0.004372785609701111
2022-03-16,32.0,28.0,36.0,-46.850510427333184,-0.05565191084507466,-0.0035418521741231645
2022-03-17,32.0,28.0,36.0,-46.860029806555865,-0.05979184300000283,-0.0027059477511715657
2022-03-18,32.0,28.0,36.0,-46.86954918577855,-0.04842521065201443,-0.001889239957922006
2022-03-19,35.0,30.0,39.0,-46.87906856500123,0.1373519599480881,-0.0011160086450344453
2022-03-20,35.0,31.0,39.0,-46.88858794422392,0.13513635672270763,-0.0004099780501679341
2022-03-21,32.0,28.0,36.0,-46.89810732344661,-0.05082008387230563,0.0002063431352165761
2022-03-22,32.0,28.0,36.0,-46.90762670266929,-0.05779926830082509,0.0007122950220905923
2022-03-23,32.0,28.0,36.0,-46.91714608189198,-0.05565191084507583,0.0010896549826047795
2022-03-24,48.0,44.0,52.0,-46.92666546111466,-0.05979184299998366,0.0013231643478946106
2022-03-25,67.0,63.0,71.0,-46.93618484033734,-0.04842521065245635,0.0014009780214144828
2022-03-26,50.0,46.0,55.0,-46.94570421956003,0.1373519599476253,0.001315023762775743
2022-03-27,35.0,30.0,39.0,-46.95522359878271,0.13513635672264282,0.0010612603574804338
2022-03-28,32.0,28.0,36.0,-46.9647429780054,-0.05082008387243313,0.0006398266624236381
2022-03-29,32.0,28.0,36.0,-46.97426235722808,-0.05779926830084138,5.5076529425795995e-05
2022-03-30,32.0,28.0,36.0,-46.983781736450766,-0.05565191084506903,-0.0006845022242721686
2022-03-31,32.0,28.0,37.0,-46.99330111567345,-0.05979184299996449,-0.001566483396540981
2022-04-01,32.0,28.0,36.0,-47.002820494896135,-0.048425210652325454,-0.0025748079202659053
2022-04-02,35.0,31.0,39.0,-47.01233987411882,0.13735195994754054,-0.003690191614567547
2022-04-03,35.0,31.0,39.0,-47.0218592533415,0.13513635672257798,-0.004890624562613559
2022-04-04,32.0,28.0,36.0,-47.03137863256419,-0.050820083872443994,-0.006151948895918307
2022-04-05,33.0,28.0,37.0,-47.04089801178687,-0.05779926830097633,-0.007448499504755275
2022-04-06,33.0,29.0,37.0,-47.05041739100956,-0.055651910845071415,-0.008753790352996598
2022-04-07,33.0,29.0,37.0,-47.05993677023225,-0.05979184300001154,-0.01004122770672146
2022-04-08,32.0,28.0,36.0,-47.06945614945493,-0.04842521065219455,-0.011284830728218023
2022-04-09,35.0,31.0,39.0,-47.07897552867762,0.13735195994774907,-0.012459939567330021
2022-04-10,35.0,31.0,39.0,-47.0884949079003,0.13513635672305332,-0.01354389131018905
2022-04-11,33.0,29.0,37.0,-47.098014288752346,-0.05082008387245486,-0.014516644918292536
2022-04-12,33.0,29.0,37.0,-47.107533669604386,-0.05779926830092858,-0.015361337588417168
2022-04-13,40.0,36.0,44.0,-47.11705305045643,-0.05565191084507139,-0.016064756752578256
2022-04-14,71.0,67.0,75.0,-47.126572431308475,-0.0597918430000586,-0.01661771416988271
2022-04-15,40.0,36.0,44.0,-47.136091812160515,-0.048425210652181784,-0.017015311178557996
2022-04-16,36.0,31.0,40.0,-47.145611193012556,0.137351959947811,-0.01725708710616492
2022-04-17,36.0,32.0,40.0,-47.15513057386461,0.13513635672284244,-0.01734704599991867
2022-04-18,33.0,29.0,37.0,-47.16464995471665,-0.05082008387258236,-0.017293560150738557
2022-04-19,33.0,29.0,37.0,-47.17416933556869,-0.057799268300880814,-0.017109152254102845
2022-04-20,33.0,29.0,37.0,-47.18368871642074,-0.05565191084507376,-0.01681016138561759
2022-04-21,33.0,29.0,38.0,-47.19320809727278,-0.05979184299992954,-0.016416301178164422
2022-04-22,33.0,29.0,37.0,-47.20272747812482,-0.04842521065250558,-0.015950121582077703
2022-04-23,36.0,31.0,40.0,-47.212246858976876,0.1373519599480195,-0.015436388287742627
2022-04-24,36.0,32.0,40.0,-47.221766239828916,0.1351363567229237,-0.01490139621616926
2022-04-25,33.0,29.0,37.0,-47.231285620680964,-0.050820083872709844,-0.01437223537309112
2022-04-26,33.0,29.0,37.0,-47.240805001533005,-0.057799268301015796,-0.013876028762871397
2022-04-27,33.0,29.0,37.0,-47.250324382385045,-0.055651910845074946,-0.013439162930010441
2022-04-28,33.0,29.0,37.0,-47.25984376323709,-0.05979184299991037,-0.013086532013143238
2022-04-29,33.0,29.0,37.0,-47.269363144089134,-0.04842521065249281,-0.012840815948528645
2022-04-30,35.0,31.0,40.0,-47.27888252494118,0.13735195994808141,-0.012721812651883699
2022-05-01,36.0,31.0,40.0,-47.28840190579323,0.13513635672271276,-0.01274584265975378
2022-05-02,33.0,29.0,37.0,-47.29792128664527,-0.05082008387228139,-0.012925242858276119
2022-05-03,33.0,29.0,37.0,-47.30744066749731,-0.057799268300968015,-0.013267963617842118
2022-05-04,33.0,29.0,37.0,-47.31696004834936,-0.05565191084507731,-0.013777280946838975
2022-05-05,33.0,29.0,37.0,-47.3264794292014,-0.05979184300002364,-0.014451632249110499
2022-05-06,33.0,29.0,37.0,-47.33599881005345,-0.04842521065224378,-0.015284580997863818
2022-05-07,36.0,32.0,40.0,-47.345518190905494,0.13735195994761856,-0.016264912211597086
2022-05-08,36.0,32.0,40.0,-47.355037571757535,0.13513635672264793,-0.017376857126451074
2022-05-09,33.0,29.0,37.0,-47.364556952609576,-0.05082008387240888,-0.018600441998155963
2022-05-10,33.0,30.0,38.0,-47.37407633346162,-0.05779926830098431,-0.01991195262801724
2022-05-11,33.0,29.0,37.0,-47.383595714313664,-0.055651910845078506,-0.021284503081184174
2022-05-12,34.0,30.0,38.0,-47.39311509516571,-0.059791843000004466,-0.02268869423577266
2022-05-13,33.0,29.0,38.0,-47.40263447601775,-0.048425210652231,-0.024093345344398276
2022-05-14,36.0,32.0,40.0,-47.4121536800214,0.13735195994768046,-0.02546627977210378
2022-05-15,36.0,32.0,40.0,-47.421672884025035,0.135136356722437,-0.02677514455038854
2022-05-16,34.0,29.0,38.0,-47.43119208802867,-0.050820083872536385,-0.027988242398556257
2022-05-17,34.0,30.0,38.0,-47.44071129203231,-0.05779926830087249,-0.029075354437183905
2022-05-18,34.0,30.0,38.0,-47.45023049603595,-0.05565191084507168,-0.030008531966856967
2022-05-19,34.0,30.0,38.0,-47.459749700039595,-0.059791843000051526,-0.030762836405344503
2022-05-20,34.0,30.0,38.0,-47.46926890404324,-0.048425210652218234,-0.0313170077495702
2022-05-21,37.0,32.0,40.0,-47.47878810804688,0.137351959947889,-0.03165404372210807
2022-05-22,37.0,32.0,40.0,-47.488307312050516,0.1351363567223722,-0.03176167402879185
2022-05-23,34.0,30.0,38.0,-47.497826516054154,-0.0508200838719913,-0.03163271683493753
2022-05-24,34.0,30.0,38.0,-47.5073457200578,-0.0577992683008888,-0.0312653075921118
2022-05-25,34.0,30.0,38.0,-47.51686492406144,-0.05565191084507286,-0.030662993636201105
2022-05-26,34.0,30.0,38.0,-47.526384128065075,-0.059791842999922455,-0.029834691444468663
2022-05-27,34.0,29.0,38.0,-47.53590333206871,-0.04842521065208734,-0.0287945069929272
2022-05-28,36.0,32.0,40.0,-47.54542253607236,0.13735195994780425,-0.027561423203238518
2022-05-29,36.0,33.0,41.0,-47.554941740076,0.13513635672284754,-0.026158861916950167
2022-05-30,33.0,29.0,38.0,-47.56446094407964,-0.050820083872235404,-0.02461413109447563
2022-05-31,34.0,29.0,38.0,-47.57398014808328,-0.05779926830090509,-0.02295777092161174
2022-06-01,34.0,30.0,38.0,-47.58349935208692,-0.05565191084507524,-0.021222815139807314
2022-06-02,34.0,30.0,38.0,-47.59301855609056,-0.05979184299996952,-0.019443986129591147
2022-06-03,33.0,29.0,37.0,-47.6025377600942,-0.04842521065264739,-0.017656844012394708
2022-06-04,36.0,32.0,40.0,-47.61205696409784,0.13735195994801278,-0.015896911249746445
2022-06-05,36.0,32.0,40.0,-47.621576168101484,0.13513635672292887,-0.014198794879663888
2022-06-06,33.0,29.0,37.0,-47.63109537210512,-0.05082008387224628,-0.012595328621705091
2022-06-07,33.0,29.0,38.0,-47.64061457610877,-0.057799268300857326,-0.011116756603326283
2022-06-08,33.0,29.0,37.0,-47.650133780112405,-0.05565191084507522,-0.009789979423684163
2022-06-09,33.0,29.0,37.0,-47.65965298411604,-0.05979184300001657,-0.008637881705349503
2022-06-10,33.0,29.0,37.0,-47.66917218811968,-0.048425210652398354,-0.007678758230684386
2022-06-11,35.0,31.0,39.0,-47.67869139212332,0.13735195994822133,-0.006925853271781035
2022-06-12,36.0,31.0,40.0,-47.688210596126964,0.13513635672271793,-0.006387024865943138
2022-06-13,33.0,29.0,37.0,-47.69772980013061,-0.050820083872373786,-0.006064542637206857
2022-06-14,33.0,29.0,37.0,-47.70724900413425,-0.05779926830105636,-0.005955024399458446
2022-06-15,33.0,29.0,37.0,-47.716768208137886,-0.055651910845077604,-0.0060495132852584855
2022-06-16,46.0,42.0,50.0,-47.72587108583959,-0.05979184300006361,-0.006333693616154114
2022-06-17,61.0,57.0,65.0,-47.7349739635413,-0.048425210652385586,-0.006788240254878459
2022-06-18,48.0,44.0,52.0,-47.74407684124301,0.13735195994828323,-0.00738929284556848
2022-06-19,36.0,31.0,40.0,-47.753179718944715,0.13513635672319327,-0.008109043239444775
2022-06-20,33.0,29.0,37.0,-47.76228259664642,-0.05082008387250128,-0.008916421597539494
2022-06-21,33.0,29.0,37.0,-47.77138547434813,-0.05779926830094454,-0.009777864229316494
2022-06-22,33.0,29.0,37.0,-47.78048835204984,-0.05565191084506958,-0.01065814422549984
2022-06-23,33.0,29.0,38.0,-47.789591229751544,-0.05979184300004445,-0.011521244423719892
2022-06-24,33.0,29.0,37.0,-47.79869410745326,-0.048425210652254684,-0.012331251242265999
2022-06-25,36.0,32.0,40.0,-47.807796985154965,0.13735195994796703,-0.013053247452648964
2022-06-26,36.0,32.0,40.0,-47.81689986285667,0.13513635672298235,-0.0136541820442163
2022-06-27,33.0,29.0,37.0,-47.82600274055838,-0.05082008387262877,-0.014103695958300487
2022-06-28,34.0,30.0,37.0,-47.83510561826009,-0.057799268300960854,-0.014374883616301053
2022-06-29,33.0,29.0,37.0,-47.844208495961794,-0.05565191084507196,-0.01444497180333701
2022-06-30,34.0,29.0,38.0,-47.8533113736635,-0.059791842999915384,-0.014295899552339928
2022-07-01,44.0,40.0,48.0,-47.86241425136521,-0.04842521065212378,-0.01391478514790807
2022-07-02,47.0,43.0,52.0,-47.871517129066916,0.1373519599478823,-0.013294269169986078
2022-07-03,47.0,44.0,52.0,-47.88062000676862,0.13513635672306362,-0.01243272555257929
2022-07-04,44.0,40.0,49.0,-47.88972288447033,-0.050820083872639664,-0.011334335864812773
2022-07-05,45.0,40.0,49.0,-47.898825762172045,-0.05779926830091307,-0.010009025348706676
2022-07-06,45.0,40.0,48.0,-47.90792863987375,-0.05565191084507433,-0.00847226258781131
2022-07-07,45.0,40.0,49.0,-47.91703151757546,-0.05979184299989621,-0.006744727950327815
2022-07-08,44.0,40.0,48.0,-47.92613439527717,-0.04842521065199289,-0.004851859070636791
2022-07-09,47.0,43.0,51.0,-47.935237272978874,0.13735195994794416,-0.002823284528228028
2022-07-10,47.0,43.0,51.0,-47.94434015068058,0.1351363567228527,-0.0006921594852718222
2022-07-11,44.0,40.0,48.0,-47.95344302838229,-0.05082008387221119,0.0015055807076874463
2022-07-12,44.0,40.0,48.0,-47.962545906083996,-0.057799268300865306,0.0037320310850196825
2022-07-13,44.0,40.0,48.0,-47.9716487837857,-0.055651910845074315,0.005948172566820257
2022-07-14,44.0,40.0,48.0,-47.98075166148741,-0.0597918430000095,0.00811475221151174
2022-07-15,43.0,39.0,47.0,-47.98985453918912,-0.04842521065198012,0.01019316761063661
2022-07-16,46.0,42.0,50.0,-47.998957416890825,0.13735195994748137,0.012146334877894759
2022-07-17,46.0,42.0,51.0,-48.00806029459254,0.1351363567226418,0.013939520233554418
2022-07-18,43.0,39.0,47.0,-48.017163172294254,-0.05082008387222205,0.01554111620235455
2022-07-19,44.0,39.0,48.0,-48.02594381687634,-0.05779926830100029,0.016923344897824277
2022-07-20,43.0,39.0,48.0,-48.03472446145844,-0.05565191084507669,0.018062872716920142
2022-07-21,44.0,39.0,47.0,-48.043505106040534,-0.059791842999990324,0.01894132296705862
2022-07-22,43.0,39.0,47.0,-48.05228575062263,-0.04842521065242204,0.01954567543510516
2022-07-23,46.0,42.0,50.0,-48.06106639520472,0.1373519599476899,0.019868544621531536
2022-07-24,46.0,41.0,50.0,-48.069847039786815,0.13513635672272306,0.01990833123483251
2022-07-25,43.0,39.0,47.0,-48.07862768436891,-0.050820083872466185,0.01966924450127639
2022-07-26,44.0,39.0,47.0,-48.08740832895101,-0.05779926830095252,0.01916119582168775
2022-07-27,43.0,39.0,47.0,-48.0961889735331,-0.055651910845069874,0.01839956723026441
2022-07-28,44.0,40.0,48.0,-48.10496961811519,-0.05979184299997115,0.017404860912414097
2022-07-29,43.0,39.0,47.0,-48.11375026269729,-0.04842521065240926,0.016202238656279812
2022-07-30,46.0,42.0,50.0,-48.12253090727939,0.13735195994775176,0.014820962487898633
2022-07-31,46.0,42.0,51.0,-48.13131155186148,0.13513635672251212,0.013293749822229042
2022-08-01,44.0,39.0,48.0,-48.140092196443575,-0.05082008387247705,0.011656058208646118
2022-08-02,44.0,40.0,48.0,-48.14887284102567,-0.05779926830090476,0.009945316126108647
2022-08-03,44.0,40.0,48.0,-48.15765348560777,-0.055651910845072254,0.008200117265336862
2022-08-04,44.0,40.0,48.0,-48.16643413018986,-0.05979184300008442,0.006459396308717398
2022-08-05,44.0,39.0,48.0,-48.17521477477195,-0.04842521065204211,0.004761604377728875
2022-08-06,47.0,43.0,51.0,-48.18399541935405,0.13735195994781368,0.003143902068197211
2022-08-07,47.0,43.0,51.0,-48.192776063936144,0.13513635672298746,0.0016413873493758848
2022-08-08,44.0,40.0,48.0,-48.20155670851824,-0.05082008387248792,0.0002863745869507565
2022-08-09,45.0,41.0,49.0,-48.21033735310033,-0.05779926830092107,-0.000892260406496077
2022-08-10,45.0,40.0,49.0,-48.219117997682424,-0.05565191084507343,-0.0018696560488802774
2022-08-11,45.0,41.0,49.0,-48.22789864226452,-0.059791843000065265,-0.0026254500669495914
2022-08-12,44.0,40.0,49.0,-48.236679286846616,-0.04842521065260215,-0.0031441647763665714
2022-08-13,47.0,43.0,51.0,-48.245459931428705,0.13735195994787555,-0.0034154856499206314
2022-08-14,53.0,49.0,57.0,-48.2542405760108,0.13513635672277657,-0.0034344286499141943
2022-08-15,57.0,53.0,61.0,-48.2630212205929,-0.05082008387273204,-0.0032013942393667675
2022-08-16,50.0,46.0,54.0,-48.27180186517499,-0.05779926830080924,-0.002722108420086117
2022-08-17,45.0,41.0,49.0,-48.28058250975708,-0.05565191084507462,-0.0020074535209723687
2022-08-18,54.0,50.0,58.0,-48.28936315433918,-0.05979184299993619,-0.0010731937279816837
2022-08-19,64.0,60.0,68.0,-48.298143798921274,-0.048425210652471254,6.039753837688844e-05
2022-08-20,56.0,52.0,60.0,-48.30692444350337,0.1373519599480841,0.0013689993718225268
2022-08-21,47.0,43.0,51.0,-48.31570508808547,0.13513635672271174,0.0028247835385716152
2022-08-22,44.0,40.0,48.0,-48.32448425625332,-0.050820083872186936,0.004397020896695202
2022-08-23,44.0,40.0,48.0,-48.333263424421176,-0.057799268301008254,0.006052740778391108
2022-08-24,44.0,40.0,48.0,-48.34204259258904,-0.05565191084507579,0.007757429184726666
2022-08-25,44.0,40.0,48.0,-48.35082176075689,-0.059791842999917036,0.009475751097410876
2022-08-26,44.0,40.0,48.0,-48.35960092892474,-0.04842521065245848,0.011172281976206714
2022-08-27,47.0,43.0,51.0,-48.368380097092604,0.13735195994799937,0.012812233580060858
2022-08-28,47.0,42.0,51.0,-48.37715926526046,0.1351363567226469,0.014362159614689084
2022-08-29,44.0,39.0,48.0,-48.385938433428315,-0.05082008387243109,0.01579062735333699
2022-08-30,44.0,40.0,48.0,-48.39471760159617,-0.0577992683009605,0.01706884227975087
2022-08-31,44.0,40.0,48.0,-48.403496769764025,-0.05565191084507817,0.018171213938424125
2022-09-01,44.0,40.0,48.0,-48.41227593793189,-0.0597918430000303,0.019075852517508214
2022-09-02,43.0,39.0,47.0,-48.421055106099736,-0.04842521065244572,0.01976498720316615
2022-09-03,46.0,42.0,51.0,-48.42983427426759,0.13735195994768315,0.020225298996573517
2022-09-04,46.0,42.0,51.0,-48.438613442435454,0.13513635672258206,0.02044816244154709
2022-09-05,43.0,39.0,48.0,-48.4473926106033,-0.05082008387244194,0.02042979253586944
2022-09-06,44.0,40.0,48.0,-48.45617177877116,-0.0577992683009768,0.02017129495753788
2022-09-07,44.0,39.0,48.0,-48.46495094693902,-0.055651910845078145,0.019678619593711033
2022-09-08,44.0,40.0,48.0,-48.473730115106875,-0.05979184299990124,0.018962419181647948
2022-09-09,43.0,39.0,48.0,-48.48250928327472,-0.04842521065219669,0.01803781662595773
2022-09-10,46.0,42.0,50.0,-48.491288451442585,0.13735195994774507,0.01692408621626871
2022-09-11,47.0,42.0,51.0,-48.50006761961044,0.13513635672237115,0.015644255507007383
2022-09-12,44.0,40.0,48.0,-48.508846787778296,-0.05082008387256944,0.014224636013695549
2022-09-13,44.0,40.0,48.0,-48.51762595594615,-0.05779926830099309,0.012694292106987644
2022-09-14,44.0,40.0,48.0,-48.52640512411401,-0.055651910845072525,0.011084458530606163
2022-09-15,44.0,40.0,48.0,-48.53518429228186,-0.05979184299994829,0.009427917817849104
2022-09-16,44.0,40.0,48.0,-48.543963460449724,-0.04842521065218391,0.0077583495243932
2022-09-17,47.0,43.0,51.0,-48.55274262861757,0.13735195994795357,0.006109663625179468
2022-09-18,47.0,43.0,51.0,-48.56152179678543,0.13513635672299262,0.004515330636937844
2022-09-19,44.0,40.0,49.0,-48.57030096495329,-0.05082008387214096,0.003007721025626625
2022-09-20,45.0,41.0,49.0,-48.57908013312114,-0.05779926830088128,0.0016174662416861313
2022-09-21,63.0,59.0,67.0,-48.587859301289,-0.05565191084507372,0.0003728533016590231
2022-09-22,86.0,81.0,89.0,-48.596638469456856,-0.059791842999929116,-0.000700735789058569
2022-09-23,63.0,58.0,67.0,-48.60541763762471,-0.04842521065205302,-0.0015813292905380557
2022-09-24,48.0,44.0,52.0,-48.6141883203923,0.13735195994816213,-0.002250806165860082
2022-09-25,48.0,44.0,52.0,-48.622959003159906,0.13513635672278168,-0.0026952633562140737
2022-09-26,45.0,41.0,49.0,-48.6317296859275,-0.050820083872268475,-0.002905302838086996
2022-09-27,45.0,41.0,49.0,-48.6405003686951,-0.05779926830089757,-0.002876232820143201
2022-09-28,45.0,41.0,49.0,-48.649271051462705,-0.05565191084507609,-0.0026081789520539713
2022-09-29,45.0,41.0,49.0,-48.658041734230295,-0.05979184299997617,-0.0021061030108688846
2022-09-30,45.0,40.0,49.0,-48.6668124169979,-0.04842521065249493,-0.0013797281788556206
2022-10-01,38.0,34.0,42.0,-48.6755830997655,0.1373519599480774,-0.00044337170436816505
2022-10-02,40.0,36.0,44.0,-48.684353782533094,0.13513635672286298,0.0006843125812757691
2022-10-03,35.0,31.0,39.0,-48.6931244653007,-0.05082008387227933,0.0019806777600396602
2022-10-04,33.0,29.0,37.0,-48.701895148068296,-0.05779926830084983,0.003419507597623992
2022-10-05,33.0,29.0,37.0,-48.71066583083589,-0.05565191084506807,0.004971513318914043
2022-10-06,33.0,29.0,37.0,-48.71943651360349,-0.05979184299995701,0.006604894692757762
2022-10-07,33.0,28.0,37.0,-48.72820719637109,-0.048425210652364034,0.008285955433821737
2022-10-08,35.0,31.0,39.0,-48.736977879138685,0.13735195994828592,0.009979761788289479
2022-10-09,35.0,31.0,40.0,-48.74574856190629,0.13513635672265203,0.011650832206678709
2022-10-10,32.0,28.0,36.0,-48.75451924467389,-0.05082008387240683,0.013263845243881188
2022-10-11,33.0,29.0,37.0,-48.763289927441484,-0.05779926830098478,0.0147843522811223
2022-10-12,33.0,29.0,37.0,-48.77206061020909,-0.05565191084506924,0.01617948135380995
2022-10-13,33.0,29.0,37.0,-48.78083129297668,-0.059791843000070274,0.017418618304704755
2022-10-14,52.0,48.0,57.0,-48.78960197574428,-0.04842521065235126,0.01847405167255392
2022-10-15,80.0,76.0,84.0,-48.79837265851189,0.13735195994767646,0.019321568176482944
2022-10-16,55.0,51.0,59.0,-48.80714334127948,0.1351363567231274,0.019940986365457686
2022-10-17,32.0,28.0,36.0,-48.81591402404708,-0.050820083872417696,0.020316616965022443
2022-10-18,33.0,28.0,36.0,-48.82468470681468,-0.057799268300937026,0.020437639660186392
2022-10-19,32.0,28.0,37.0,-48.83345538958228,-0.05565191084507043,0.020298387488004627
2022-10-20,33.0,29.0,37.0,-48.84222607234988,-0.05979184300005111,0.019898531655950777
2022-10-21,32.0,28.0,36.0,-48.85099675511747,-0.04842521065222036,0.019243161426961353
2022-10-22,35.0,31.0,39.0,-48.859767437885075,0.137351959947885,0.018342755688838582
2022-10-23,35.0,31.0,39.0,-48.86853812065267,0.1351363567230626,0.017213044919970156
2022-10-24,32.0,28.0,37.0,-48.87730880342027,-0.05082008387266183,0.0158747644367362
2022-10-25,33.0,29.0,37.0,-48.88607948618787,-0.05779926830095332,0.014353302018818077
2022-10-26,33.0,29.0,37.0,-48.89485016895547,-0.0556519108450728,0.012678245212825493
2022-10-27,33.0,29.0,37.0,-48.90342815027186,-0.059791842999922046,0.010882835766713513
2022-10-28,33.0,28.0,37.0,-48.91200613158826,-0.04842521065220759,0.009003340700898258
2022-10-29,36.0,32.0,40.0,-48.92058411290465,0.13735195994794688,0.007078351430427875
2022-10-30,36.0,32.0,40.0,-48.929162094221034,0.13513635672299776,0.0051480240721985225
2022-10-31,63.0,58.0,67.0,-48.937740075537434,-0.05082008387267269,0.0032532755591005266
2022-11-01,111.0,106.0,115.0,-48.94631805685382,-0.05779926830102423,0.001434951400491396
2022-11-02,75.0,70.0,79.0,-48.95489603817021,-0.055651910845075175,-0.00026701815796416513
2022-11-03,45.0,41.0,50.0,-48.9634740194866,-0.05979184299996909,-0.0018144562415203375
2022-11-04,45.0,41.0,49.0,-48.972052000803,-0.04842521065195857,-0.00317175416153873
2022-11-05,48.0,44.0,52.0,-48.98062998211938,0.13735195994800878,-0.004306645523911584
2022-11-06,48.0,44.0,52.0,-48.989207963435774,0.13513635672278682,-0.0051909227373251364
2022-11-07,45.0,41.0,49.0,-48.99778594475217,-0.05082008387224423,-0.005801079925426982
2022-11-08,46.0,41.0,50.0,-49.00636392606856,-0.05779926830104053,-0.006118867510535065
2022-11-09,68.0,63.0,72.0,-49.014941907384944,-0.05565191084507637,-0.006131745347732217
2022-11-10,95.0,91.0,99.0,-49.02351988870134,-0.059791843000016144,-0.005833223220602321
2022-11-11,67.0,63.0,71.0,-49.03209787001773,-0.048425210651945806,-0.005223079727961944
2022-11-12,59.0,55.0,64.0,-49.04067585133412,0.13735195994754595,-0.0043074530523494955
2022-11-13,73.0,68.0,77.0,-49.04925383265051,0.13513635672257593,-0.0030987997561521133
2022-11-14,56.0,52.0,60.0,-49.05783181396691,-0.05082008387237173,-0.0016157205449084523
2022-11-15,45.0,41.0,49.0,-49.0664097952833,-0.05779926830092871,0.00011734519089444655
2022-11-16,45.0,41.0,49.0,-49.074987776599684,-0.055651910845077535,0.0020705513570540134
2022-11-17,45.0,41.0,49.0,-49.08356575791608,-0.059791842999996986,0.00420919612524451
2022-11-18,45.0,40.0,49.0,-49.09214373923247,-0.04842521065226959,0.006494381636162314
2022-11-19,47.0,43.0,51.0,-49.10072172054886,0.1373519599477545,0.008883769642475392
2022-11-20,47.0,43.0,52.0,-49.10929970186525,0.1351363567225111,0.011332418001781752
2022-11-21,44.0,40.0,48.0,-49.117877683181646,-0.05082008387249923,0.01379368093515612
2022-11-22,45.0,41.0,49.0,-49.12645566449803,-0.057799268300945006,0.01622015432392588
2022-11-23,44.0,40.0,48.0,-49.135033645814424,-0.05565191084507073,0.018564646072595996
2022-11-24,44.0,40.0,49.0,-49.14361162713082,-0.059791842999977814,0.02078115075396074
2022-11-25,44.0,40.0,48.0,-49.15218960844721,-0.048425210652256814,0.022825807400905784
2022-11-26,47.0,43.0,51.0,-49.160767589763594,0.13735195994766974,0.024657819433621997
2022-11-27,47.0,43.0,51.0,-49.16934557107999,0.13513635672244623,0.026240316316595024
2022-11-28,44.0,39.0,48.0,-49.17792355239638,-0.05082008387207075,0.02754113761990539
2022-11-29,44.0,40.0,48.0,-49.186284224730066,-0.057799268300897245,0.02853352169641438
2022-11-30,44.0,40.0,48.0,-49.19464489706375,-0.05565191084507311,0.02919668315089735
2022-12-01,44.0,40.0,48.0,-49.20300556939744,-0.059791843000024866,0.029516265629494953
2022-12-02,44.0,39.0,48.0,-49.21136624173112,-0.048425210652125905,0.029484659147231185
2022-12-03,47.0,42.0,51.0,-49.21972691406481,0.13735195994787827,0.029101174139654695
2022-12-04,47.0,43.0,51.0,-49.228087586398495,0.1351363567229216,0.02837206760445126
2022-12-05,44.0,40.0,48.0,-49.23644825873218,-0.05082008387219827,0.027310420017867695
2022-12-06,44.0,40.0,48.0,-49.24480893106586,-0.05779926830091354,0.025935865091509934
2022-12-07,44.0,40.0,49.0,-49.25316960339955,-0.05565191084507309,0.024274177797824353
2022-12-08,45.0,40.0,49.0,-49.261530275733236,-0.05979184300007191,0.02235672935667964
2022-12-09,44.0,40.0,48.0,-49.26989094806692,-0.04842521065256783,0.020219820962498306
2022-12-10,47.0,43.0,51.0,-49.27825162040061,0.1373519599479402,0.017903910864556387
2022-12-11,62.0,58.0,66.0,-49.2866122927343,0.13513635672271068,0.015452751923358876
2022-12-12,78.0,73.0,82.0,-49.294972965067984,-0.050820083872209126,0.012912458888715532
2022-12-13,60.0,56.0,64.0,-49.303333637401664,-0.05779926830086578,0.010330526327226842
2022-12-14,45.0,41.0,49.0,-49.31169430973535,-0.05565191084507547,0.007754819323195085
2022-12-15,45.0,41.0,50.0,-49.32005498206904,-0.05979184300000907,0.005232559755221414
2022-12-16,45.0,41.0,49.0,-49.328415654402725,-0.04842521065243695,0.0028093310913243404
2022-12-17,48.0,44.0,52.0,-49.33677632673641,0.1373519599481487,0.0005281242404997777
2022-12-18,48.0,44.0,52.0,-49.34513699907009,0.13513635672279195,-0.0015715539446527604
2022-12-19,45.0,41.0,50.0,-49.35349767140378,-0.05082008387245326,-0.0034544893815035994
2022-12-20,46.0,42.0,50.0,-49.36185834373747,-0.05779926830100074,-0.005090468502185911
2022-12-21,46.0,42.0,50.0,-49.370219016071154,-0.05565191084507663,-0.006454869232529297
2022-12-22,46.0,42.0,50.0,-49.37857968840484,-0.0597918429999899,-0.007529122180073317
2022-12-23,46.0,41.0,50.0,-49.38694036073852,-0.04842521065242416,-0.008301032094886179
2022-12-24,56.0,52.0,60.0,-49.395301033072215,0.1373519599482106,-0.008764952998374487
2022-12-25,65.0,61.0,69.0,-49.403661705405895,0.135136356722581,-0.008921813867447587
2022-12-26,53.0,49.0,57.0,-49.41202237773958,-0.05082008387246412,-0.008778995328589933
2022-12-27,46.0,42.0,50.0,-49.42038305007327,-0.057799268300952986,-0.008350061370383528
2022-12-28,46.0,42.0,50.0,-49.42874372240695,-0.05565191084507902,-0.007654353535734576
2022-12-29,46.0,42.0,50.0,-49.43710439474064,-0.05979184300003697,-0.006716458320165618
2022-12-30,57.0,52.0,61.0,-49.44546506707432,-0.048425210652175144,-0.00556556149848517
2022-12-31,73.0,69.0,78.0,-49.45382573940801,0.13735195994774776,-0.004234705754249106
2023-01-01,60.0,56.0,64.0,-49.46218068519333,0.13513635672320248,-0.0027599702274648252
2023-01-02,45.0,42.0,50.0,-49.47053563097866,-0.050820083872475,-0.0011795923701793318
2023-01-03,46.0,42.0,50.0,-49.47889057676399,-0.057799268300969285,0.0004669462375465486
2023-01-04,46.0,41.0,49.0,-49.48724552254931,-0.05565191084508019,0.0021398477393684973
2023-01-05,46.0,42.0,50.0,-49.495600468334636,-0.059791842999841666,0.0037999169909774134
2023-01-06,45.0,41.0,49.0,-49.503955414119964,-0.048425210652162376,0.005409449559162948
2023-01-07,48.0,44.0,52.0,-49.51231035990529,0.13735195994780966,0.006933067563516169
2023-01-08,48.0,44.0,52.0,-49.52066530569061,0.1351363567229916,0.00833848367823127
2023-01-09,45.0,41.0,49.0,-49.52902025147594,-0.05082008387260249,0.009597175585079826
2023-01-10,45.0,41.0,50.0,-49.53737519726127,-0.057799268300857465,0.010684955579147096
2023-01-11,45.0,41.0,49.0,-49.54573014304659,-0.05565191084507218,0.011582422813235101
2023-01-12,45.0,41.0,49.0,-49.55408508883192,-0.05979184299995495,0.012275288751860673
2023-01-13,54.0,50.0,58.0,-49.56244003461724,-0.0484252106521496,0.012754569711736396
2023-01-14,106.0,102.0,110.0,-49.57079498040257,0.1373519599480182,0.013016643805610099
2023-01-15,57.0,53.0,61.0,-49.57914992618789,0.13513635672292673,0.01306317309121713
2023-01-16,45.0,41.0,49.0,-49.587504871973216,-0.05082008387205739,0.012900895165961273
2023-01-17,45.0,41.0,49.0,-49.595859817758544,-0.05779926830087377,0.012541291751425538
2023-01-18,45.0,41.0,49.0,-49.604214763543865,-0.05565191084507336,0.01200014489437939
2023-01-19,45.0,41.0,49.0,-49.61256970932919,-0.059791842999935785,0.011296994192450687
2023-01-20,45.0,41.0,49.0,-49.62092465511452,-0.04842521065201869,0.010454510862114247
2023-01-21,48.0,44.0,52.0,-49.62927960089984,0.13735195994793348,0.009497806441694135
2023-01-22,48.0,44.0,52.0,-49.63763454668517,0.13513635672286192,0.008453695413133264
2023-01-23,45.0,41.0,49.0,-49.6459894924705,-0.050820083872301525,0.007349931996201925
2023-01-24,46.0,42.0,50.0,-49.654344438255826,-0.057799268300890064,0.006214441794412425
2023-01-25,49.0,45.0,53.0,-49.66269938404115,-0.055651910845075744,0.005074568844541548
2023-01-26,54.0,50.0,58.0,-49.671054329826475,-0.05979184299998283,0.003956357947962284
2023-01-27,49.0,45.0,53.0,-49.679409275611796,-0.04842521065257874,0.0028838909623853867
2023-01-28,48.0,44.0,52.0,-49.68776422139712,0.13735195994761726,0.0018786940423537318
2023-01-29,49.0,45.0,52.0,-49.696119167182445,0.1351363567227971,0.0009592306837606784
2023-01-30,46.0,42.0,50.0,-49.70447411296777,-0.050820083872312384,0.00014049291176396889
2023-01-31,46.0,42.0,50.0,-49.712829058753094,-0.0577992683008423,-0.000566299877601012
2023-02-01,34.0,30.0,38.0,-49.72118400453842,-0.05565191084506892,-0.0011538879752604012
2023-02-02,34.0,30.0,38.0,-49.72953895032375,-0.059791843000029876,-0.0016190410836694324
2023-02-03,34.0,30.0,38.0,-49.73789389078754,-0.04842521065232972,-0.0019625107514021477
2023-02-04,37.0,33.0,41.0,-49.746248831251336,0.13735195994753255,-0.0021888688095940078
2023-02-05,37.0,33.0,41.0,-49.75460377171513,0.13513635672258617,-0.002306238234650087
2023-02-06,34.0,30.0,38.0,-49.76295871217892,-0.0508200838724399,-0.002325925792490751
2023-02-07,34.0,30.0,39.0,-49.77131365264272,-0.057799268301041325,-0.0022619684700356424
2023-02-08,34.0,30.0,38.0,-49.779668593106514,-0.0556519108450713,-0.002130607997339954
2023-02-09,34.0,30.0,38.0,-49.7880235335703,-0.05979184300007694,-0.0019497096478721374
2023-02-10,34.0,29.0,38.0,-49.7963784740341,-0.04842521065231695,-0.0017381429238455242
2023-02-11,37.0,33.0,41.0,-49.804733414497896,0.13735195994774105,-0.0015151426519169108
2023-02-12,37.0,33.0,41.0,-49.813088354961685,0.1351363567230615,-0.0012996694081721539
2023-02-13,47.0,43.0,51.0,-49.82144329542548,-0.05082008387256738,-0.0011097880512889267
2023-02-14,63.0,59.0,68.0,-49.82979823588928,-0.05779926830086546,-0.0009620824754423014
2023-02-15,47.0,43.0,52.0,-49.83815317635307,-0.055651910845071276,-0.0008711235203060375
2023-02-16,34.0,30.0,38.0,-49.846508116816864,-0.05979184300005777,-0.0008490053288973277
2023-02-17,34.0,30.0,38.0,-49.85486305728066,-0.04842521065218604,-0.0009049633728693204
2023-02-18,37.0,33.0,41.0,-49.86321799774445,0.13735195994794958,-0.001045084928418016
2023-02-19,37.0,33.0,41.0,-49.87157293820824,0.1351363567228506,-0.0012721200535644652
2023-02-20,34.0,30.0,38.0,-49.87992787867204,-0.05082008387269489,-0.0015853981668658475
2023-02-21,34.0,30.0,38.0,-49.88828281913583,-0.05779926830088175,-0.001980852241959999
2023-02-22,34.0,30.0,39.0,-49.89663775959962,-0.055651910845073656,-0.002451149498959946
2023-02-23,34.0,30.0,39.0,-49.90499270006342,-0.05979184299992871,-0.0029859243808650886
2023-02-24,34.0,30.0,38.0,-49.91334764052721,-0.04842521065262796,-0.0035721066381756506
2023-02-25,37.0,33.0,41.0,-49.921702580991,0.13735195994786484,-0.004194334590661871
2023-02-26,37.0,33.0,41.0,-49.9300575214548,0.13513635672293187,-0.004835441170137823
2023-02-27,34.0,30.0,38.0,-49.938412461918595,-0.05082008387270575,-0.00547699824047598
2023-02-28,35.0,31.0,39.0,-49.946767402382385,-0.057799268301016726,-0.006099903000716464
2023-03-01,35.0,30.0,38.0,-49.95512234284618,-0.055651910845076036,-0.006684989051751336
2023-03-02,35.0,31.0,39.0,-49.96347728330998,-0.05979184299990954,-0.007213643980159824
2023-03-03,34.0,30.0,38.0,-49.97183222377377,-0.04842521065249707,-0.007668415106202528
2023-03-04,37.0,33.0,41.0,-49.98018716423756,0.13735195994807337,-0.008033585361038372
2023-03-05,37.0,33.0,41.0,-49.98854210470136,0.13513635672272092,-0.008295702093467864
2023-03-06,34.0,30.0,39.0,-49.99689704516515,-0.05082008387227729,-0.008444042934272781
2023-03-07,46.0,42.0,50.0,-50.005251985628945,-0.057799268301033026,-0.008471004629928352
2023-03-08,60.0,56.0,64.0,-50.01360692156115,-0.05565191084507601,-0.00837240294688523
2023-03-09,46.0,42.0,50.0,-50.02196185749336,-0.059791843000022805,-0.008147674280806996
2023-03-10,34.0,30.0,38.0,-50.03031679342557,-0.04842521065236617,-0.007799972411251178
2023-03-11,37.0,33.0,41.0,-50.03867172935778,0.13735195994761057,-0.00733615684196273
2023-03-12,37.0,33.0,42.0,-50.04702666528999,0.13513635672251004,-0.006766672275734257
2023-03-13,34.0,30.0,38.0,-50.055381601222194,-0.05082008387240479,-0.0061053219029900555
2023-03-14,35.0,31.0,39.0,-50.063736537154405,-0.05779926830098525,-0.005368940246115187
2023-03-15,34.0,30.0,39.0,-50.072091473086616,-0.05565191084507839,-0.004576974211014638
2023-03-16,35.0,31.0,39.0,-50.080446409018826,-0.05979184300000365,-0.0037509836698228272
2023-03-17,34.0,30.0,38.0,-50.08880134495104,-0.04842521065223526,-0.0029140752595430823
2023-03-18,37.0,33.0,41.0,-50.09715628088324,0.13735195994781907,-0.002090285061660166
2023-03-19,37.0,33.0,41.0,-50.10551121681546,0.1351363567225913,-0.0013039273720181317
2023-03-20,34.0,30.0,38.0,-50.11386615274767,-0.0508200838726489,-0.0005789278328192675
2023-03-21,34.0,31.0,39.0,-50.12222108867987,-0.0577992683009375,6.184025162435207e-05
2023-03-22,34.0,30.0,39.0,-50.13057602461208,-0.05565191084507158,0.0005971975732040214
2023-03-23,34.0,30.0,38.0,-50.13893096054429,-0.05979184299998448,0.001008260122200874
2023-03-24,51.0,47.0,55.0,-50.147285896476504,-0.048425210652222495,0.00127898283385329
2023-03-25,75.0,71.0,79.0,-50.15564083240871,0.13735195994788096,0.0013966298027212878
2023-03-26,54.0,50.0,58.0,-50.16399576834092,0.13513635672238036,0.001352157262000395
2023-03-27,34.0,30.0,38.0,-50.172350704273136,-0.050820083872103815,0.0011404978957789483
2023-03-28,34.0,31.0,39.0,-50.18070564020534,-0.05779926830088973,0.0007607377551036854
2023-03-29,34.0,30.0,39.0,-50.18906057613755,-0.055651910845073954,0.00021618000919909446
2023-03-30,35.0,30.0,39.0,-50.19741551206976,-0.059791842999921636,-0.0004857071006441546
2023-03-31,34.0,30.0,38.0,-50.205770448001964,-0.04842521065197346,-0.001333457512051937
2023-04-01,37.0,33.0,42.0,-50.21412538393418,0.1373519599479429,-0.0023118859810730592
2023-04-02,37.0,33.0,41.0,-50.222480319866385,0.13513635672285573,-0.003402471160806557
2023-04-03,34.0,30.0,38.0,-50.230835255798596,-0.05082008387223131,-0.004583833215317265
2023-04-04,35.0,30.0,39.0,-50.2391901917308,-0.05779926830090602,-0.005832293372050568
2023-04-05,35.0,31.0,39.0,-50.24754512766302,-0.05565191084507513,-0.007122500460349387
2023-04-06,35.0,31.0,39.0,-50.25590006359523,-0.059791842999902464,-0.008428107532472631
2023-04-07,35.0,30.0,39.0,-50.26425499952743,-0.048425210652533524,-0.009722480171958918
2023-04-08,38.0,33.0,42.0,-50.27260993545964,0.13735195994800475,-0.01097941710577208
2023-04-09,38.0,34.0,42.0,-50.28096487139186,0.13513635672279092,-0.012173863280818415
2023-04-10,35.0,31.0,39.0,-50.28931984283952,-0.05082008387224218,-0.01328259565652135
2023-04-11,35.0,31.0,40.0,-50.29767481428718,-0.0577992683007942,-0.014284862602831502
2023-04-12,35.0,31.0,39.0,-50.30602978573484,-0.05565191084507631,-0.015162958962223506
2023-04-13,43.0,39.0,47.0,-50.3143847571825,-0.059791843000015735,-0.015902720504084842
2023-04-14,75.0,71.0,79.0,-50.32273972863016,-0.048425210652402614,-0.01649392362657657
2023-04-15,46.0,42.0,49.0,-50.33109470007783,0.1373519599482133,-0.016930578687875973
2023-04-16,38.0,34.0,42.0,-50.339449671525486,0.1351363567227261,-0.017211108207207886
2023-04-17,35.0,31.0,39.0,-50.34780464297314,-0.050820083872253036,-0.017338404289310643
2023-04-18,35.0,31.0,40.0,-50.356159614420804,-0.05779926830099323,-0.017319762908985094
2023-04-19,35.0,31.0,40.0,-50.36451458586846,-0.055651910845077486,-0.017166696056142024
2023-04-20,36.0,31.0,40.0,-50.37286955731612,-0.05979184299999656,-0.016894626093765852
2023-04-21,35.0,31.0,39.0,-50.38122452876379,-0.04842521065238985,-0.016522469930166376
2023-04-22,38.0,34.0,42.0,-50.38957950021145,0.13735195994812857,-0.01607212366306218
2023-04-23,38.0,34.0,42.0,-50.397934471659106,0.13513635672320146,-0.015567861132398348
2023-04-24,35.0,31.0,39.0,-50.40628944310677,-0.050820083872497174,-0.015035662244545233
2023-04-25,35.0,31.0,39.0,-50.41464441455443,-0.057799268300945464,-0.01450248893493221
2023-04-26,35.0,31.0,39.0,-50.42299938600209,-0.05565191084507067,-0.013995528163495028
2023-04-27,35.0,31.0,39.0,-50.431354357449756,-0.05979184300004363,-0.013541422344032343
2023-04-28,35.0,31.0,39.0,-50.43970932889741,-0.04842521065237708,-0.013165508066091762
2023-04-29,38.0,33.0,42.0,-50.44806430034507,0.13735195994781238,-0.012891083861049785
2023-04-30,38.0,34.0,42.0,-50.45641927179273,0.13513635672313662,-0.012738727095194061
2023-05-01,35.0,31.0,39.0,-50.46477424324039,-0.05082008387250804,-0.012725678856733577
2023-05-02,35.0,31.0,39.0,-50.47312921468806,-0.057799268300961756,-0.012865313972874722
2023-05-03,35.0,31.0,39.0,-50.48148418613572,-0.055651910845071845,-0.013166711092448118
2023-05-04,35.0,31.0,39.0,-50.489839157583376,-0.05979184299991455,-0.013634335157006065
2023-05-05,35.0,31.0,39.0,-50.49819412903104,-0.04842521065212804,-0.014267841628114236
2023-05-06,38.0,34.0,42.0,-50.5065491004787,0.13735195994787427,-0.015062008619672954
2023-05-07,38.0,34.0,42.0,-50.51490407192636,0.1351363567229257,-0.01600679968730273
2023-05-08,35.0,31.0,39.0,-50.523259043374026,-0.05082008387263555,-0.01708755654279367
2023-05-09,36.0,32.0,40.0,-50.531614014821685,-0.05779926830097806,-0.018285317484183772
2023-05-10,36.0,31.0,40.0,-50.539968986269336,-0.05565191084507423,-0.019577253954189376
2023-05-11,36.0,32.0,40.0,-50.548323957717,-0.05979184299996161,-0.02093721445207072
2023-05-12,35.0,31.0,40.0,-50.556678929164654,-0.048425210652115275,-0.022336362112789325
2023-05-13,38.0,34.0,43.0,-50.56503390470226,0.13735195994793614,-0.023743889710618537
2023-05-14,39.0,34.0,43.0,-50.57338888023986,0.13513635672286087,-0.0251277937110575
2023-05-15,36.0,31.0,40.0,-50.58174385577746,-0.05082008387220707,-0.026455687343106778
2023-05-16,36.0,32.0,40.0,-50.59009883131506,-0.05779926830086624,-0.027695631538383978
2023-05-17,36.0,32.0,40.0,-50.59845380685267,-0.055651910845074204,-0.028816962014669573
2023-05-18,36.0,32.0,40.0,-50.60680878239026,-0.059791842999942446,-0.029791090786153128
2023-05-19,36.0,32.0,40.0,-50.61516375792787,-0.04842521065198437,-0.030592260960558733
2023-05-20,39.0,35.0,43.0,-50.62351873346547,0.13735195994747335,-0.031198234821020496
2023-05-21,39.0,35.0,43.0,-50.631873709003074,0.13513635672264998,-0.031590896857535286
2023-05-22,36.0,32.0,40.0,-50.640228684540666,-0.05082008387233457,-0.031756755566664276
2023-05-23,36.0,32.0,41.0,-50.64858366007827,-0.05779926830088254,-0.031687330421542155
2023-05-24,36.0,32.0,40.0,-50.65693863561587,-0.05565191084507659,-0.031379413359982816
2023-05-25,36.0,32.0,41.0,-50.665293611153466,-0.05979184299998949,-0.030835197369135262
2023-05-26,36.0,32.0,40.0,-50.67364858669107,-0.048425210652426304,-0.030062268175870998
2023-05-27,39.0,34.0,43.0,-50.68200356222868,0.13735195994753524,-0.029073458592661118
2023-05-28,39.0,35.0,43.0,-50.69035853776628,0.13513635672273125,-0.027886568626975805
2023-05-29,36.0,32.0,40.0,-50.69871351330387,-0.05082008387234544,-0.02652395794407078
2023-05-30,36.0,32.0,41.0,-50.70706848884148,-0.057799268300953444,-0.025012020588208388
2023-05-31,36.0,32.0,40.0,-50.71542346437908,-0.05565191084506978,-0.02338055492879068
2023-06-01,36.0,32.0,40.0,-50.723778439916686,-0.05979184299997032,-0.021662044526276753
2023-06-02,35.0,31.0,39.0,-50.73213341545428,-0.048425210652295395,-0.019890867936609262
2023-06-03,38.0,34.0,42.0,-50.740488390991885,0.13735195994759714,-0.01810245733297744
2023-06-04,38.0,34.0,43.0,-50.748843366529485,0.1351363567225203,-0.016332427171172188
2023-06-05,35.0,31.0,39.0,-50.75719834206709,-0.050820083872472936,-0.014615694926275341
2023-06-06,35.0,31.0,40.0,-50.765553317604684,-0.05779926830096975,-0.012985616162886331
2023-06-07,35.0,31.0,39.0,-50.773908293142284,-0.055651910845070963,-0.011473155864178242
2023-06-08,35.0,31.0,39.0,-50.78226326867989,-0.059791843000083604,-0.010106117046125684
2023-06-09,35.0,31.0,39.0,-50.7906182442175,-0.048425210652164506,-0.008908446246344006
2023-06-10,38.0,34.0,42.0,-50.79897321975509,0.13735195994780564,-0.007899633540666657
2023-06-11,38.0,34.0,42.0,-50.80732819529269,0.13513635672299565,-0.00709422235571795
2023-06-12,35.0,31.0,39.0,-50.8156831708303,-0.05082008387248382,-0.006501441574304938
2023-06-13,35.0,31.0,39.0,-50.82403814636789,-0.05779926830092199,-0.006124969345345999
2023-06-14,35.0,31.0,39.0,-50.8323931219055,-0.05565191084507212,-0.005962834690325849
2023-06-15,35.0,31.0,40.0,-50.84074809660299,-0.05979184300006443,-0.006007459530358703
2023-06-16,48.0,44.0,52.0,-50.849103071300476,-0.048425210652606424,-0.0062458402302301
2023-06-17,68.0,63.0,72.0,-50.857458045997966,0.1373519599480142,-0.006659864258758974
2023-06-18,51.0,47.0,56.0,-50.86581302069544,0.13513635672293084,-0.0072267541873102135
2023-06-19,35.0,31.0,39.0,-50.87416799539293,-0.050820083872727934,-0.00791962807552178
2023-06-20,35.0,31.0,39.0,-50.88252297009042,-0.05779926830087422,-0.00870816240496328
2023-06-21,35.0,31.0,39.0,-50.8908779447879,-0.055651910845074495,-0.00955934118929569
2023-06-22,36.0,31.0,40.0,-50.89923291948539,-0.05979184299993537,-0.010438272776043245
2023-06-23,35.0,31.0,40.0,-50.907587894182875,-0.04842521065259365,-0.01130905421122123
2023-06-24,38.0,34.0,42.0,-50.915942868880364,0.13735195994807606,-0.012135661903158143
2023-06-25,38.0,34.0,42.0,-50.924297843577854,0.135136356722866,-0.012882846721044821
2023-06-26,35.0,31.0,39.0,-50.932652818275336,-0.050820083872299464,-0.013517011609641468
2023-06-27,36.0,31.0,40.0,-50.94100779297282,-0.057799268301009205,-0.014007050291616335
2023-06-28,36.0,31.0,39.0,-50.94936276767031,-0.05565191084507688,-0.01432512664772536
2023-06-29,36.0,32.0,40.0,-50.9577177423678,-0.05979184299998242,-0.014447375883324502
2023-06-30,35.0,31.0,39.0,-50.96607271706528,-0.04842521065234462,-0.014354510566489086
2023-07-01,50.0,47.0,55.0,-50.97442769176277,0.13735195994813798,-0.014032317004976355
2023-07-02,51.0,46.0,55.0,-50.98278266646025,0.13513635672265506,-0.013472030155236169
2023-07-03,47.0,43.0,51.0,-50.99113764115774,-0.05082008387242696,-0.01267057825522843
2023-07-04,48.0,44.0,52.0,-50.99949261585523,-0.0577992683010255,-0.011630691568068854
2023-07-05,48.0,43.0,51.0,-51.007847590552714,-0.05565191084507805,-0.010360872934879268
2023-07-06,48.0,44.0,52.0,-51.016202565250204,-0.059791843000029474,-0.008875231179178027
2023-07-07,47.0,43.0,51.0,-51.024557539947686,-0.04842521065233185,-0.00719318170030495
2023-07-08,50.0,46.0,54.0,-51.032912514645176,0.13735195994767516,-0.005339021757716082
2023-07-09,50.0,46.0,54.0,-51.04126748934266,0.13513635672244415,-0.003341390906526482
2023-07-10,47.0,43.0,51.0,-51.04962246404015,-0.05082008387243784,-0.0012326297257753884
2023-07-11,47.0,43.0,51.0,-51.05797743873764,-0.05779926830091366,0.0009519476769593417
2023-07-12,47.0,43.0,51.0,-51.06633241343512,-0.05565191084507923,0.0031748499521919277
2023-07-13,47.0,43.0,51.0,-51.07468738813261,-0.05979184299990041,0.005397254641146019
2023-07-14,46.0,43.0,50.0,-51.08304236283009,-0.04842521065220095,0.007579884164086201
2023-07-15,49.0,45.0,53.0,-51.09139733752758,0.13735195994788366,0.009683891116748363
2023-07-16,49.0,45.0,53.0,-51.099752312225064,0.1351363567223793,0.011671732265387327
2023-07-17,46.0,42.0,50.0,-51.10810728692255,-0.05082008387256533,0.013508011059343256
2023-07-18,46.0,42.0,50.0,-51.116462240903,-0.05779926830092997,0.015160269382707287
2023-07-19,46.0,42.0,50.0,-51.12481719488344,-0.05565191084507243,0.01659971061528489
2023-07-20,46.0,43.0,51.0,-51.133172148863885,-0.059791842999947456,0.017801837829514625
2023-07-21,46.0,42.0,50.0,-51.141527102844336,-0.048425210652188175,0.018746993066291476
2023-07-22,49.0,45.0,53.0,-51.14988205682478,0.13735195994779895,0.019420786053636476
2023-07-23,49.0,45.0,53.0,-51.15823701080522,0.13513635672314692,0.019814403395535272
2023-07-24,46.0,42.0,50.0,-51.16659196478567,-0.050820083872136865,0.019924792096930835
2023-07-25,46.0,42.0,50.0,-51.17494691876611,-0.0577992683008822,0.019754714235686734
2023-07-26,46.0,42.0,50.0,-51.183301872746554,-0.055651910845074815,0.01931267257137219
2023-07-27,46.0,42.0,51.0,-51.191656826727005,-0.05979184299992829,0.01861270982371485
2023-07-28,46.0,42.0,50.0,-51.20001178070745,-0.04842521065205728,0.017674087192220897
2023-07-29,49.0,45.0,53.0,-51.20836673468789,0.13735195994800747,0.01652085035773694
2023-07-30,49.0,45.0,54.0,-51.21672168866834,0.13513635672293597,0.015181293647712096
2023-07-31,46.0,42.0,50.0,-51.22507664264878,-0.05082008387226437,0.013687335206753942
2023-08-01,47.0,43.0,51.0,-51.233431596629224,-0.057799268300898515,0.012073817848033857
2023-08-02,47.0,42.0,51.0,-51.241786550609675,-0.05565191084507477,0.010377751732707267
2023-08-03,47.0,43.0,51.0,-51.25014150459012,-0.05979184300004157,0.008637516107208726
2023-08-04,47.0,42.0,50.0,-51.25849645857056,-0.0484252106524992,0.006892038004414381
2023-08-05,50.0,45.0,54.0,-51.26685141255101,0.13735195994806937,0.005179966077544765
2023-08-06,50.0,46.0,54.0,-51.27520636653146,0.13513635672272506,0.0035388575871303156
2023-08-07,47.0,43.0,51.0,-51.28356132051189,-0.05082008387227523,0.0020043960139583
2023-08-08,47.0,43.0,52.0,-51.291916274492344,-0.05779926830085075,0.0006096558454110963
2023-08-09,47.0,43.0,51.0,-51.30027122847279,-0.055651910845069166,-0.0006155701921857644
2023-08-10,48.0,43.0,52.0,-51.30862618245324,-0.059791843000022396,-0.0016453677697843647
2023-08-11,47.0,43.0,51.0,-51.31698113643368,-0.0484252106523683,-0.002458209632351092
2023-08-12,50.0,46.0,54.0,-51.325336090414126,0.1373519599482779,-0.0030373665681775993
2023-08-13,50.0,46.0,54.0,-51.33369104439458,0.13513635672266022,-0.0033712131737410056
2023-08-14,53.0,49.0,57.0,-51.34204599837502,-0.050820083872519364,-0.0034534232861571984
2023-08-15,60.0,56.0,64.0,-51.350400952355464,-0.05779926830098571,-0.0032830523865200675
2023-08-16,53.0,49.0,57.0,-51.35875590633591,-0.05565191084506914,-0.002864506717227231
2023-08-17,48.0,44.0,52.0,-51.36711086031635,-0.05979184300000323,-0.0022074012511141645
2023-08-18,57.0,52.0,61.0,-51.375465814296795,-0.04842521065235551,-0.0013263109494020663
2023-08-19,72.0,67.0,75.0,-51.383820768277246,0.1373519599483398,-0.00024042190243019242
2023-08-20,60.0,56.0,64.0,-51.39217552562207,0.1351363567229895,0.0010269090804313026
2023-08-21,47.0,43.0,51.0,-51.4005302829669,-0.05082008387253023,0.002448676114333628
2023-08-22,47.0,43.0,52.0,-51.40888504031173,-0.05779926830093795,0.003994815299817092
2023-08-23,47.0,43.0,51.0,-51.417239797656556,-0.055651910845071526,0.005632852162850534
2023-08-24,47.0,43.0,52.0,-51.42559455500139,-0.059791843000050277,0.007328591508183265
2023-08-25,47.0,42.0,51.0,-51.433949312346215,-0.048425210652106504,0.00904683509772328
2023-08-26,50.0,46.0,54.0,-51.44230406969105,0.1373519599477303,0.010752112252668285
2023-08-27,50.0,46.0,54.0,-51.45065882703587,0.13513635672307076,0.012409408472025797
2023-08-28,46.0,42.0,51.0,-51.4590135843807,-0.0508200838725411,0.01398487745207819
2023-08-29,47.0,43.0,51.0,-51.46736834172553,-0.05779926830095425,0.015446522467417356
2023-08-30,47.0,43.0,51.0,-51.47572309907036,-0.0556519108450727,0.016764833914116994
2023-08-31,47.0,43.0,51.0,-51.48407785641518,-0.059791842999854995,0.017913370895753535
2023-09-01,46.0,42.0,50.0,-51.492432613760016,-0.048425210652093736,0.0188692760250125
2023-09-02,49.0,45.0,53.0,-51.50078737110484,0.13735195994779223,0.019613714086956432
2023-09-03,49.0,45.0,54.0,-51.50914212844967,0.13513635672285984,0.020132226830960692
2023-09-04,46.0,42.0,50.0,-51.51749688579449,-0.050820083872668606,0.020414997892211188
2023-09-05,47.0,43.0,51.0,-51.525851643139326,-0.057799268301025164,0.0204570236551045
2023-09-06,46.0,42.0,51.0,-51.53420640048415,-0.05565191084507387,0.02025818772410467
2023-09-07,47.0,43.0,51.0,-51.54256115782898,-0.059791842999968266,0.01982323852764109
2023-09-08,46.0,42.0,50.0,-51.55091591517381,-0.048425210652080955,0.01916167141402038
2023-09-09,49.0,45.0,54.0,-51.559270672518636,0.13735195994800073,0.01828751837281296
2023-09-10,49.0,45.0,54.0,-51.56762542986347,0.135136356722795,0.017219050201209743
2023-09-11,46.0,42.0,51.0,-51.5759801872083,-0.0508200838721235,0.01597839750557435
2023-09-12,47.0,43.0,51.0,-51.58433494455313,-0.057799268301041457,0.014591098359000377
2023-09-13,47.0,43.0,51.0,-51.59268970189795,-0.055651910845075064,0.013085581706045183
2023-09-14,47.0,43.0,51.0,-51.60104445924278,-0.05979184299994911,0.011492596697365003
2023-09-15,47.0,43.0,51.0,-51.60939921658761,-0.04842521065195006,0.009844599035839846
2023-09-16,50.0,46.0,54.0,-51.61775397393244,0.13735195994753793,0.008175106110804313
2023-09-17,50.0,46.0,54.0,-51.62610873127726,0.1351363567227302,0.006518033180898448
2023-09-18,47.0,43.0,51.0,-51.634463488622096,-0.05082008387236762,0.004907023133998153
2023-09-19,48.0,44.0,52.0,-51.64281824596692,-0.05779926830092964,0.0033747824042131957
2023-09-20,48.0,43.0,52.0,-51.65117300331175,-0.05565191084507744,0.0019524354627342912
2023-09-21,67.0,63.0,72.0,-51.65952776065658,-0.05979184299999615,0.0006689099263432106
2023-09-22,90.0,87.0,95.0,-51.66788251800141,-0.048425210652391984,-0.0004496362477026555
2023-09-23,70.0,66.0,74.0,-51.67623727191018,0.13735195994774646,-0.0013803347781956576
2023-09-24,51.0,46.0,55.0,-51.684592025818965,0.13513635672266536,-0.002104064531550526
2023-09-25,48.0,43.0,52.0,-51.69294677972775,-0.05082008387237849,-0.002605837801616679
2023-09-26,48.0,44.0,52.0,-51.70130153363652,-0.05779926830094593,-0.0028751080074199105
2023-09-27,48.0,44.0,52.0,-51.7096562875453,-0.05565191084507062,-0.0029059928028015852
2023-09-28,48.0,44.0,52.0,-51.718011041454076,-0.059791843000043206,-0.002697408083205675
2023-09-29,47.0,43.0,52.0,-51.72636579536286,-0.048425210652142954,-0.0022531099508406273
2023-09-30,51.0,46.0,55.0,-51.734720549271636,0.1373519599476617,-0.0015816433362282126
2023-10-01,40.0,36.0,44.0,-51.74307530318041,0.13513635672245441,-0.0006961976469806739
2023-10-02,39.0,35.0,43.0,-51.75143005708919,-0.050820083872505986,0.00038562850250779997
2023-10-03,37.0,34.0,41.0,-51.75978481099797,-0.05779926830096223,0.0016421497603239191
2023-10-04,35.0,31.0,39.0,-51.76813956490675,-0.055651910845073,0.003047998362234776
2023-10-05,35.0,31.0,40.0,-51.77649431881552,-0.05979184300009025,0.004574603417420295
2023-10-06,35.0,31.0,39.0,-51.784849072724306,-0.04842521065213017,0.006190736804488088
2023-10-07,38.0,33.0,42.0,-51.793203826633075,0.13735195994787025,0.00786311599612643
2023-10-08,38.0,34.0,42.0,-51.80155858054186,0.13513635672292978,0.009557052948495483
2023-10-09,35.0,31.0,39.0,-51.809913334450634,-0.05082008387207751,0.011237137181706611
2023-10-10,35.0,31.0,39.0,-51.81826808835942,-0.0577992683008504,0.012867940362363816
2023-10-11,35.0,31.0,39.0,-51.82662284226819,-0.05565191084507299,0.014414729097917543
2023-10-12,35.0,31.0,39.0,-51.83497759617697,-0.05979184300007109,0.015844172281776946
2023-10-13,34.0,30.0,38.0,-51.84333235008575,-0.048425210652572104,0.017125029201023472
2023-10-14,59.0,55.0,63.0,-51.85168710399453,0.13735195994807878,0.018228804745097082
2023-10-15,85.0,81.0,89.0,-51.860041857903305,0.13513635672271887,0.019130358438702144
2023-10-16,56.0,52.0,60.0,-51.86839661181208,-0.05082008387220502,0.01980845466697145
2023-10-17,35.0,31.0,39.0,-51.876751365720864,-0.05779926830086672,0.02024624236105354
2023-10-18,34.0,30.0,39.0,-51.88510611962964,-0.05565191084507535,0.020431653559197568
2023-10-19,35.0,31.0,39.0,-51.893460873538416,-0.05979184300000824,0.02035771163790012
2023-10-20,34.0,30.0,38.0,-51.9018156274472,-0.04842521065255933,0.02002274160036781
2023-10-21,37.0,33.0,42.0,-51.910170381355975,0.13735195994799404,0.019430476591498682
2023-10-22,37.0,33.0,42.0,-51.91852513526475,0.13513635672280014,0.0185900567504067
2023-10-23,34.0,30.0,38.0,-51.92687988917353,-0.05082008387233251,0.017515918579950964
2023-10-24,35.0,31.0,39.0,-51.93523464308231,-0.057799268301001676,0.016227575170015402
2023-10-25,35.0,31.0,39.0,-51.94358939699109,-0.05565191084507773,0.01474928981700787
2023-10-26,35.0,31.0,39.0,-51.95194415143227,-0.05979184299998908,0.013109647791961691
2023-10-27,35.0,30.0,39.0,-51.96029890587345,-0.048425210652428434,0.011341033179196122
2023-10-28,38.0,34.0,42.0,-51.96865366031463,0.13735195994820257,0.009479019789802291
2023-10-29,38.0,34.0,42.0,-51.97700841475581,0.1351363567225892,0.007561687103219626
2023-10-30,35.0,31.0,39.0,-51.985363169196994,-0.050820083872460016,0.005628873961258371
2023-10-31,67.0,63.0,71.0,-51.99371792363817,-0.057799268301018,0.003721384288100794
2023-11-01,117.0,113.0,121.0,-52.00207267807935,-0.05565191084507771,0.0018801603988306808
2023-11-02,79.0,75.0,83.0,-52.01042743252054,-0.05979184300010235,0.00014544045117781488
2023-11-03,48.0,43.0,52.0,-52.01878218696171,-0.04842521065229753,-0.0014440827385623382
2023-11-04,51.0,47.0,55.0,-52.027136941402894,0.13735195994773974,-0.002852083978413674
2023-11-05,51.0,47.0,55.0,-52.03549169584407,0.13513635672321067,-0.00404539159639241
2023-11-06,48.0,44.0,52.0,-52.04384645028526,-0.05082008387247089,-0.004994719889870389
2023-11-07,48.0,44.0,52.0,-52.05220120472644,-0.05779926830097022,-0.005675331873388489
2023-11-08,48.0,44.0,52.0,-52.060555959167615,-0.05565191084508009,-0.006067617243260326
2023-11-09,72.0,68.0,76.0,-52.068910713608794,-0.05979184299990707,-0.006157572003663526
2023-11-10,100.0,96.0,104.0,-52.07726546804997,-0.048425210652166636,-0.005937168054132208
2023-11-11,75.0,70.0,79.0,-52.08562022249116,0.13735195994794827,-0.005404603188640734
2023-11-12,63.0,59.0,67.0,-52.09397497693234,0.13513635672299976,-0.004564424361510253
2023-11-13,74.0,70.0,78.0,-52.10232973137352,-0.05082008387271501,-0.003427519686979392
2023-11-14,60.0,56.0,64.0,-52.110684485814694,-0.057799268300922454,-0.0020109774038104774
2023-11-15,48.0,44.0,52.0,-52.11903924025588,-0.05565191084507328,-0.00033781289445332114
2023-11-16,48.0,44.0,52.0,-52.12739399469706,-0.05979184299995412,0.0015634322625316414
2023-11-17,47.0,43.0,52.0,-52.13574874913824,-0.048425210652153855,0.0036592123727017434
2023-11-18,51.0,46.0,55.0,-52.14410350357942,0.13735195994801017,0.0059116112494484365
2023-11-19,51.0,47.0,55.0,-52.1524582580206,0.13513635672278881,0.00827907520160576
2023-11-20,47.0,43.0,52.0,-52.16081301246179,-0.05082008387216992,0.010717230843422524
2023-11-21,48.0,43.0,52.0,-52.16916776690296,-0.0577992683008747,0.013179771109619754
2023-11-22,47.0,43.0,51.0,-52.177522521344144,-0.055651910845074454,0.01561939112353573
2023-11-23,47.0,43.0,52.0,-52.18587727578532,-0.05979184299993495,0.01798875421801585
2023-11-24,47.0,42.0,51.0,-52.1942320302265,-0.048425210651904825,0.02024146748573875
2023-11-25,50.0,46.0,54.0,-52.20258678466769,0.1373519599480721,0.02233304576722604
2023-11-26,50.0,46.0,54.0,-52.21094153910886,0.1351363567228701,0.02422184298909002
2023-11-27,47.0,42.0,51.0,-52.219296293550045,-0.05082008387229742,0.025869930250538797
2023-11-28,47.0,43.0,51.0,-52.22765100014584,-0.057799268300891,0.02724390101884816
2023-11-29,47.0,43.0,51.0,-52.236005706741636,-0.05565191084507563,0.028315585219781874
2023-11-30,47.0,43.0,51.0,-52.244360413337425,-0.059791842999915794,0.0290626558698022
2023-12-01,46.0,42.0,50.0,-52.25271511993322,-0.04842521065246487,0.029469114156537676
2023-12-02,49.0,45.0,54.0,-52.26106982652902,0.13735195994746263,0.029525641484473297
2023-12-03,50.0,45.0,54.0,-52.26942453312481,0.13513635672265917,0.029229809907171195
2023-12-04,46.0,42.0,51.0,-52.277779239720616,-0.05082008387230829,0.028586145500982443
2023-12-05,47.0,43.0,51.0,-52.28613394631641,-0.05779926830077918,0.02760604252652674
2023-12-06,47.0,43.0,51.0,-52.2944886529122,-0.05565191084506882,0.026307529596750232
2023-12-07,47.0,43.0,51.0,-52.302843359507996,-0.05979184300002906,0.02471489244539138
2023-12-08,47.0,43.0,51.0,-52.31119806610379,-0.04842521065233399,0.02285816118582796
2023-12-09,50.0,46.0,54.0,-52.31955277269959,0.13735195994767113,0.02077247308875381
2023-12-10,50.0,46.0,54.0,-52.327907479295376,0.13513635672259433,0.018497324810862834
2023-12-11,63.0,59.0,67.0,-52.33626218589117,-0.05082008387231915,0.016075730603637227
2023-12-12,83.0,79.0,87.0,-52.34461689248697,-0.0577992683009782,0.013553305256772107
2023-12-13,63.0,59.0,67.0,-52.352971599082764,-0.05565191084506999,0.010977292327286947
2023-12-14,48.0,44.0,52.0,-52.36132630567857,-0.05979184300000989,0.008395559526713336
2023-12-15,48.0,44.0,52.0,-52.36968101227436,-0.04842521065232121,0.00585558394912747
2023-12-16,51.0,47.0,55.0,-52.37803571887015,0.13735195994773305,0.0034034500985560562
2023-12-17,51.0,47.0,55.0,-52.38639042546595,0.1351363567230697,0.0010828834060054773
2023-12-18,48.0,44.0,52.0,-52.39474513206174,-0.05082008387256329,-0.001065658883789301
2023-12-19,49.0,44.0,53.0,-52.40309983865754,-0.057799268300866374,-0.0030058189107455583
2023-12-20,49.0,44.0,53.0,-52.411454545253335,-0.05565191084507236,-0.004706072767716595
2023-12-21,49.0,45.0,53.0,-52.419809251849124,-0.05979184300005694,-0.0061403520062310295
2023-12-22,48.0,44.0,52.0,-52.42816395844492,-0.04842521065230843,-0.007288538329156534
2023-12-23,52.0,47.0,55.0,-52.436518665040715,0.13735195994794155,-0.008136820736044083
2023-12-24,60.0,55.0,64.0,-52.44487337163652,0.1351363567230049,-0.008677907665131247
2023-12-25,66.0,62.0,70.0,-52.453228078232314,-0.050820083872574154,-0.008911090135860786
2023-12-26,57.0,53.0,61.0,-52.46158278482811,-0.05779926830088267,-0.008842155452396996
2023-12-27,49.0,44.0,53.0,-52.4699374914239,-0.05565191084507355,-0.008483154594408382
2023-12-28,49.0,45.0,53.0,-52.478292198019695,-0.059791842999927874,-0.00785202990732295
2023-12-29,48.0,44.0,53.0,-52.48664690461549,-0.04842521065205941,-0.006972113024297918
2023-12-30,63.0,59.0,68.0,-52.49500161121128,0.13735195994785682,-0.005871506022797294
2023-12-31,78.0,74.0,82.0,-52.503356313520534,0.13513635672279395,-0.0045823615630732305
2024-01-01,60.0,56.0,64.0,-52.51171101582978,-0.050820083872701635,-0.0031400801056493126
2024-01-02,49.0,45.0,53.0,-52.52006571813903,-0.05779926830101765,-0.0015824442002914923
2024-01-03,48.0,44.0,53.0,-52.52842042044827,-0.055651910845075925,5.1288766929205934e-05
2024-01-04,49.0,44.0,53.0,-52.536775122757525,-0.05979184299997493,0.0017213131241259208
2024-01-05,48.0,44.0,52.0,-52.545129825066766,-0.04842521065238321,0.00338819821751765
2024-01-06,51.0,47.0,55.0,-52.55348452737602,0.13735195994806537,0.005013786188973868
2024-01-07,51.0,47.0,55.0,-52.56183922968526,0.13513635672272914,0.006562042769015295
2024-01-08,48.0,44.0,52.0,-52.57019393199451,-0.05082008387227317,0.007999840983804133
2024-01-09,48.0,44.0,52.0,-52.57854863430376,-0.05779926830096989,0.009297659530610444
2024-01-10,48.0,44.0,52.0,-52.586903336613005,-0.0556519108450759,0.01043017988308898
2024-01-11,48.0,44.0,52.0,-52.59525803892225,-0.05979184299995577,0.01137676888485291
2024-01-12,47.0,44.0,52.0,-52.6036127412315,-0.04842521065237043,0.012121836607270712
2024-01-13,61.0,56.0,65.0,-52.61196744354075,0.13735195994760252,0.012655062505697897
2024-01-14,112.0,108.0,117.0,-52.62032214585,0.13513635672251822,0.012971486323344574
2024-01-15,57.0,53.0,62.0,-52.628676848159245,-0.05082008387240068,0.013071463674077776
2024-01-16,48.0,44.0,52.0,-52.63703155046849,-0.057799268300922135,0.012960489694339068
2024-01-17,48.0,44.0,52.0,-52.64538625277774,-0.0556519108450783,0.012648897499805394
2024-01-18,48.0,44.0,52.0,-52.65374095508699,-0.059791843000002814,0.012151441328034189
2024-01-19,48.0,44.0,52.0,-52.662095657396236,-0.04842521065235766,0.011486777112248043
2024-01-20,51.0,46.0,55.0,-52.670450359705484,0.13735195994766441,0.010676855739862354
2024-01-21,51.0,47.0,55.0,-52.67880506201473,0.1351363567225995,0.0097462463384584
2024-01-22,48.0,44.0,52.0,-52.68715976432398,-0.05082008387252817,0.008721408547806737
2024-01-23,48.0,44.0,53.0,-52.69551446663323,-0.05779926830093843,0.007629933839466257
2024-01-24,48.0,44.0,52.0,-52.703869168942475,-0.05565191084507147,0.006499776508620488
2024-01-25,52.0,49.0,56.0,-52.71222387125172,-0.05979184299998365,0.005358494973604765
2024-01-26,57.0,53.0,61.0,-52.72057857356097,-0.04842521065222677,0.004232523480092874
2024-01-27,55.0,51.0,59.0,-52.72893327587022,0.13735195994772634,0.0031464932360838194
2024-01-28,51.0,48.0,55.0,-52.73728797817947,0.13513635672238855,0.0021226204321578707
2024-01-29,48.0,44.0,52.0,-52.745642680488714,-0.05082008387209971,0.0011801765739873505
2024-01-30,49.0,45.0,53.0,-52.753997382797955,-0.05779926830095473,0.0003350541276326228
2024-01-31,49.0,45.0,53.0,-52.76235208510721,-0.05565191084507265,-0.0004005622795311449
2024-02-01,36.0,32.0,40.0,-52.77070678741646,-0.05979184299998703,-0.0010184118721756367
2024-02-02,36.0,32.0,40.0,-52.77906142850681,-0.04842521065209586,-0.0015142569090474322
2024-02-03,39.0,35.0,43.0,-52.78741606959717,0.13735195994793484,-0.0018878642569740284
2024-02-04,39.0,35.0,43.0,-52.79577071068752,0.13513635672286395,-0.0021428718441843814
2024-02-05,36.0,32.0,40.0,-52.80412535177788,-0.050820083872110594,-0.002286545649641929
2024-02-06,36.0,32.0,41.0,-52.812479992868234,-0.057799268300906974,-0.0023294358743933007
2024-02-07,36.0,32.0,40.0,-52.82083463395859,-0.05565191084507382,-0.00228494366839658
2024-02-08,36.0,32.0,41.0,-52.82918927504894,-0.059791842999967856,-0.0021688121784731885
2024-02-09,36.0,31.0,40.0,-52.837543916139296,-0.04842521065253778,-0.001998557675485525
2024-02-10,39.0,35.0,43.0,-52.84589855722965,0.1373519599481434,-0.00179285805867026
2024-02-11,39.0,35.0,43.0,-52.85425319832001,0.1351363567227991,-0.001570917081436242
2024-02-12,36.0,32.0,40.0,-52.862607839410366,-0.05082008387235469,-0.001351823168859942
2024-02-13,50.0,46.0,55.0,-52.87096248050072,-0.0577992683008592,-0.0011539216909343293
2024-02-14,67.0,63.0,71.0,-52.87931712159107,-0.0556519108450762,-0.00099421901841042
2024-02-15,50.0,46.0,54.0,-52.88767176268143,-0.0597918430000149,-0.0008878356380322278
2024-02-16,36.0,32.0,40.0,-52.896026403771785,-0.04842521065252499,-0.0008475240714210311
2024-02-17,39.0,35.0,43.0,-52.90438104486214,0.1373519599482053,-0.0008832653718127918
2024-02-18,39.0,35.0,43.0,-52.91273568595249,0.13513635672273427,-0.0010019556214462336
2024-02-19,36.0,32.0,40.0,-52.921090327042855,-0.05082008387236557,-0.0012071911871578654
2024-02-20,36.0,33.0,40.0,-52.929444968133204,-0.05779926830099416,-0.0014991585878555268
2024-02-21,36.0,32.0,40.0,-52.93779960922356,-0.05565191084507859,-0.0018746317676113233
2024-02-22,37.0,33.0,41.0,-52.94615425031391,-0.05979184299999575,-0.0023270764384260264
2024-02-23,36.0,32.0,40.0,-52.954508891404274,-0.04842521065227599,-0.0028468580453887248
2024-02-24,39.0,35.0,43.0,-52.96286353249462,0.13735195994826715,-0.0034215469020074272
2024-02-25,39.0,36.0,44.0,-52.97121817358499,0.13513635672320964,-0.004036311229194182
2024-02-26,36.0,32.0,41.0,-52.979572814675336,-0.05082008387249306,-0.004674386286893505
2024-02-27,37.0,33.0,41.0,-52.987927455765686,-0.05779926830101047,-0.00531760558453746
2024-02-28,37.0,33.0,41.0,-52.99628209685604,-0.05565191084507056,-0.0059469783569602655
2024-02-29,37.0,33.0,41.0,-53.0046367379464,-0.059791843000042796,-0.006543296146769445
2024-03-01,36.0,32.0,40.0,-53.012991379036755,-0.04842521065226321,-0.007087750480418072
2024-03-02,39.0,35.0,44.0,-53.021346020127105,0.13735195994780436,-0.007562543287255216
2024-03-03,40.0,36.0,44.0,-53.02970066121747,0.1351363567231448,-0.00795147189826425
2024-03-04,36.0,32.0,40.0,-53.03805530230782,-0.05082008387250395,-0.00824047116836963
2024-03-05,37.0,32.0,41.0,-53.046409943398174,-0.05779926830089865,-0.008418096474171495
2024-03-06,37.0,33.0,41.0,-53.05476459526328,-0.05565191084507055,-0.008475933012770514
2024-03-07,49.0,45.0,53.0,-53.06311924712839,-0.05979184299991373,-0.008408918920607014
2024-03-08,63.0,59.0,67.0,-53.071473898993496,-0.04842521065213232,-0.008215572184978492
2024-03-09,52.0,47.0,56.0,-53.079828550858615,0.13735195994801286,-0.007898114065794519
2024-03-10,40.0,36.0,44.0,-53.08818320272372,0.1351363567229339,-0.0074624847042299115
2024-03-11,36.0,32.0,41.0,-53.09653785458883,-0.05082008387263143,-0.00691824968459245
2024-03-12,37.0,33.0,41.0,-53.104892506453936,-0.05779926830091495,-0.0062783994488131625
2024-03-13,37.0,32.0,41.0,-53.11324715831904,-0.05565191084507293,-0.0055590465510151656
2024-03-14,37.0,33.0,41.0,-53.12160181018415,-0.059791842999960786,-0.004779028695213794
2024-03-15,36.0,32.0,40.0,-53.12995646204926,-0.04842521065211954,-0.003959428238563233
2024-03-16,39.0,35.0,44.0,-53.13831111391437,0.13735195994792815,-0.0031230212876530647
2024-03-17,39.0,35.0,44.0,-53.146665765779474,0.13513635672301513,-0.002293671596922593
2024-03-18,36.0,32.0,40.0,-53.15502041764459,-0.050820083872202965,-0.0014956861359517472
2024-03-19,37.0,33.0,41.0,-53.1633750695097,-0.05779926830086719,-0.0007531503788275021
2024-03-20,36.0,32.0,41.0,-53.1717297213748,-0.05565191084507531,-8.926204926343719e-05
2024-03-21,37.0,32.0,41.0,-53.180084373239914,-0.05979184299994161,0.0004743177917362574
2024-03-22,36.0,32.0,40.0,-53.18843902510502,-0.04842521065198864,0.0009180778078054239
2024-03-23,39.0,35.0,43.0,-53.19679367697013,0.13735195994761193,0.0012252159943516886
2024-03-24,57.0,53.0,62.0,-53.205148328835236,0.13513635672280422,0.0013821296292813885
2024-03-25,76.0,72.0,80.0,-53.21350298070035,-0.05082008387233047,0.0013788212316714378
2024-03-26,54.0,50.0,59.0,-53.22185763256545,-0.05779926830088347,0.0012092084697340934
2024-03-27,36.0,32.0,40.0,-53.230212284430564,-0.05565191084507648,0.0008713285860297779
2024-03-28,37.0,33.0,41.0,-53.23856693629567,-0.059791843000054884,0.0003674308114069869
2024-03-29,36.0,32.0,40.0,-53.24692158816078,-0.04842521065243055,-0.00029604666066970417
2024-03-30,39.0,35.0,43.0,-53.25527624002589,0.1373519599475272,-0.0011086153565920912
2024-03-31,39.0,36.0,44.0,-53.263630891891,0.1351363567225933,-0.0020559878465172344
2024-04-01,36.0,32.0,41.0,-53.27198554375611,-0.05082008387234134,-0.0031204355301183654
2024-04-02,37.0,33.0,41.0,-53.280340195621214,-0.05779926830095441,-0.004281243697668098
2024-04-03,37.0,33.0,41.0,-53.288694847486326,-0.055651910845070866,-0.005515251914009862
2024-04-04,37.0,33.0,41.0,-53.29704949935143,-0.059791843000035726,-0.006797465326515326
2024-04-05,37.0,33.0,41.0,-53.30540415121654,-0.04842521065229965,-0.00810172044010811
2024-04-06,40.0,36.0,44.0,-53.31375880308165,0.13735195994773575,-0.009401387291265398
2024-04-07,40.0,36.0,44.0,-53.32211345494675,0.13513635672252847,-0.010670088835669014
2024-04-08,37.0,32.0,41.0,-53.330468105244904,-0.05082008387258546,-0.011882417773014525
2024-04-09,37.0,33.0,41.0,-53.338822755543056,-0.05779926830090665,-0.013014630986289279
2024-04-10,37.0,33.0,41.0,-53.34717740584121,-0.05565191084507085,-0.014045302275018438
2024-04-11,38.0,33.0,42.0,-53.35553205613935,-0.059791843000016553,-0.014955915100116074
2024-04-12,37.0,33.0,41.0,-53.363886706437505,-0.04842521065216876,-0.01573137860664353
2024-04-13,48.0,44.0,52.0,-53.37224135673565,0.13735195994779764,-0.01636045220795239
2024-04-14,83.0,79.0,87.0,-53.3805960070338,0.13513635672285776,-0.016836066447406296
2024-04-15,45.0,41.0,49.0,-53.388950657331954,-0.05082008387259633,-0.0171555306365301
2024-04-16,38.0,34.0,42.0,-53.397305307630106,-0.05779926830085888,-0.017320620825468137
2024-04-17,37.0,33.0,42.0,-53.40565995792826,-0.05565191084507321,-0.017337544910654843
2024-04-18,38.0,34.0,42.0,-53.41401460822641,-0.0597918430000636,-0.01721678503655554
2024-04-19,37.0,33.0,41.0,-53.422369258524554,-0.048425210652610684,-0.01697282081208676
2024-04-20,40.0,36.0,44.0,-53.4307239088227,0.1373519599478595,-0.016623740145417003
2024-04-21,40.0,36.0,45.0,-53.43907855912085,0.13513635672293903,-0.016190747613460156
2024-04-22,37.0,33.0,42.0,-53.447433209419,-0.05082008387260721,-0.015697583138433155
2024-04-23,37.0,34.0,42.0,-53.455787859717155,-0.05779926830087517,-0.015169866264705498
2024-04-24,37.0,33.0,42.0,-53.46414251001531,-0.0556519108450744,-0.014634383444657348
2024-04-25,38.0,33.0,42.0,-53.47249716031346,-0.059791842999868325,-0.014118337393392773
2024-04-26,37.0,33.0,41.0,-53.48085181061161,-0.048425210652597916,-0.013648578712472138
2024-04-27,40.0,36.0,44.0,-53.489206460909756,0.13735195994792143,-0.013250840579291462
2024-04-28,40.0,36.0,44.0,-53.4975611112079,0.13513635672272808,-0.012948997333716027
2024-04-29,37.0,33.0,41.0,-53.50591576150605,-0.05082008387229536,-0.012764367264087579
2024-04-30,37.0,33.0,42.0,-53.514270411804205,-0.057799268301010134,-0.012715078813143956
2024-05-01,37.0,33.0,41.0,-53.52262506210236,-0.05565191084507558,-0.01281551781891474
2024-05-02,38.0,33.0,41.0,-53.53097971240051,-0.059791842999981595,-0.01307587131722794
2024-05-03,37.0,33.0,41.0,-53.53933436269865,-0.04842521065234888,-0.013501780916854146
2024-05-04,40.0,36.0,45.0,-53.547689012996806,0.13735195994812996,-0.014094115881848036
2024-05-05,40.0,36.0,44.0,-53.55604366329496,0.13513635672266325,-0.014848872894741091
2024-05-06,37.0,33.0,41.0,-53.5643983135931,-0.05082008387230623,-0.015757206113545363
2024-05-07,38.0,33.0,42.0,-53.572752963891254,-0.057799268301026434,-0.016805587664731572
2024-05-08,38.0,33.0,41.0,-53.581107614189406,-0.05565191084507676,-0.017976095226353815
2024-05-09,38.0,34.0,42.0,-53.58946226448756,-0.059791842999962416,-0.01924681994407922
2024-05-10,37.0,33.0,42.0,-53.5978169147857,-0.048425210652336126,-0.020592384679544915
2024-05-11,41.0,37.0,45.0,-53.606171565083855,0.13735195994766713,-0.021984559602352405
2024-05-12,41.0,37.0,45.0,-53.61452621538201,0.13513635672259844,-0.02339295948478878
2024-05-13,38.0,34.0,42.0,-53.62288086568016,-0.05082008387255036,-0.024785804813465297
2024-05-14,38.0,34.0,42.0,-53.631235515978304,-0.05779926830091463,-0.02613072705503915
2024-05-15,38.0,34.0,42.0,-53.639590166276456,-0.05565191084507913,-0.027395597152548395
2024-05-16,38.0,34.0,42.0,-53.6479448165746,-0.05979184299989958,-0.02854935561897625
2024-05-17,38.0,34.0,42.0,-53.65629946687275,-0.04842521065232334,-0.02956282245492588
2024-05-18,41.0,37.0,45.0,-53.664654117170905,0.13735195994787566,-0.030409465553054217
2024-05-19,41.0,37.0,45.0,-53.67300876746906,0.1351363567225336,-0.031066107251426067
2024-05-20,38.0,34.0,42.0,-53.68136341776721,-0.05082008387256123,-0.03151355023658814
2024-05-21,39.0,34.0,43.0,-53.68971806806536,-0.05779926830093092,-0.03173710603366178
2024-05-22,38.0,34.0,43.0,-53.69807271836351,-0.05565191084507233,-0.031727011802958435
2024-05-23,39.0,35.0,43.0,-53.70642736866165,-0.05979184299988041,-0.03147872402464741
2024-05-24,38.0,34.0,43.0,-53.7147820189598,-0.04842521065207431,-0.03099308082000437
2024-05-25,41.0,37.0,45.0,-53.723136669257954,0.1373519599477909,-0.030276328046880366
2024-05-26,41.0,38.0,46.0,-53.731491319556106,0.13513635672300897,-0.029340007828766515
2024-05-27,38.0,34.0,42.0,-53.73984596985426,-0.05082008387213277,-0.028200711739342382
2024-05-28,38.0,35.0,43.0,-53.74820062015241,-0.05779926830094721,-0.026879704374124017
2024-05-29,38.0,34.0,42.0,-53.756555270450555,-0.055651910845074704,-0.025402426405948076
2024-05-30,38.0,34.0,42.0,-53.76490992074871,-0.05979184299992747,-0.023797889353677586
2024-05-31,38.0,33.0,42.0,-53.77326457104685,-0.04842521065206154,-0.02209797711214943
2024-06-01,41.0,37.0,45.0,-53.781619221345004,0.13735195994799945,-0.020336671722606538
2024-06-02,41.0,37.0,45.0,-53.789973871643156,0.13513635672294413,-0.0185492228436277
2024-06-03,37.0,33.0,42.0,-53.79832852194131,-0.050820083872143616,-0.016771281862246145
2024-06-04,38.0,34.0,42.0,-53.80668317223946,-0.057799268300835385,-0.015038022525104815
2024-06-05,38.0,33.0,42.0,-53.815037822537604,-0.055651910845074676,-0.013383270346864335
2024-06-06,38.0,33.0,42.0,-53.82339247283576,-0.05979184299997452,-0.011838662858852602
2024-06-07,37.0,33.0,41.0,-53.83174712313391,-0.04842521065250346,-0.010432862000431059
2024-06-08,40.0,36.0,44.0,-53.84010177343205,0.13735195994820795,-0.009190838650474337
2024-06-09,40.0,36.0,45.0,-53.848456423730205,0.13513635672273325,-0.00813324748036393
2024-06-10,37.0,33.0,41.0,-53.85681107402836,-0.05082008387227112,-0.007275908031729353
2024-06-11,37.0,33.0,41.0,-53.8651657243265,-0.057799268300851685,-0.006629405241185003
2024-06-12,37.0,33.0,41.0,-53.873520374624654,-0.05565191084506786,-0.006198819620052923
2024-06-13,37.0,33.0,41.0,-53.881875024922806,-0.05979184300002156,-0.0059835940285453545
2024-06-14,37.0,33.0,41.0,-53.89022967522096,-0.04842521065249068,-0.0059775405444105496
2024-06-15,40.0,36.0,44.0,-53.89858432551911,0.13735195994812321,-0.0061689874050499735
2024-06-16,54.0,50.0,58.0,-53.90693897581726,0.13513635672281452,-0.006541062488932771
2024-06-17,69.0,65.0,73.0,-53.91529362611541,-0.05082008387239863,-0.007072106386554354
2024-06-18,52.0,47.0,56.0,-53.92364827641355,-0.05779926830098665,-0.007736204879542576
2024-06-19,37.0,33.0,41.0,-53.932002926711704,-0.05565191084506903,-0.00850382767994109
2024-06-20,38.0,33.0,42.0,-53.940357577009856,-0.0597918430000024,-0.009342557654336923
2024-06-21,37.0,33.0,41.0,-53.94871222730801,-0.04842521065235978,-0.010217892534002732
2024-06-22,40.0,36.0,44.0,-53.95706687760616,0.13735195994833177,-0.011094099346964599
2024-06-23,41.0,37.0,45.0,-53.96542152790431,0.13513635672314375,-0.011935100542606448
2024-06-24,37.0,34.0,42.0,-53.973776178202456,-0.05082008387252612,-0.01270537004368137
2024-06-25,38.0,33.0,41.0,-53.9821308285006,-0.05779926830100296,-0.013370817269257018
2024-06-26,38.0,33.0,42.0,-53.99048547879875,-0.055651910845071415,-0.013899637527129973
2024-06-27,38.0,34.0,42.0,-53.998840129096905,-0.05979184300011568,-0.014263108063151397
2024-06-28,37.0,33.0,41.0,-54.00719477939506,-0.04842521065222889,-0.014436310451513012
2024-06-29,41.0,37.0,45.0,-54.01554942969321,0.1373519599477223,-0.014398761876801135
2024-06-30,41.0,37.0,45.0,-54.02390407999136,0.13513635672307894,-0.01413494014487439
2024-07-01,50.0,46.0,54.0,-54.032258730289506,-0.05082008387253699,-0.013634689905742826
2024-07-02,51.0,47.0,55.0,-54.04061338058766,-0.05779926830095519,-0.012893500509028294
2024-07-03,50.0,46.0,55.0,-54.0489680308858,-0.055651910845073774,-0.011912649066305011
2024-07-04,51.0,46.0,55.0,-54.057322681183955,-0.05979184299992038,-0.010699205584271378
2024-07-05,50.0,46.0,54.0,-54.06567733148211,-0.048425210652098,-0.009265900376767078
2024-07-06,53.0,49.0,57.0,-54.07403198178026,0.13735195994793084,-0.007630857278261433
2024-07-07,53.0,49.0,57.0,-54.0823866320784,0.135136356722868,-0.00581719938614484
2024-07-08,50.0,46.0,54.0,-54.090741282376555,-0.050820083872781134,-0.003852537075806775
2024-07-09,50.0,46.0,54.0,-54.09909593267471,-0.05779926830102609,-0.0017683507892913486
2024-07-10,50.0,46.0,54.0,-54.10745058297286,-0.05565191084507376,0.00040071646950454263
2024-07-11,50.0,46.0,54.0,-54.11580523327101,-0.05979184299996745,0.0026176399484642574
2024-07-12,49.0,45.0,53.0,-54.124159883569156,-0.048425210652085215,0.004843848659853556
2024-07-13,52.0,48.0,57.0,-54.13251453386731,0.13735195994799274,0.007040095817728514
2024-07-14,52.0,48.0,57.0,-54.14086918416545,0.13513635672265706,0.00916734374558559
2024-07-15,49.0,45.0,53.0,-54.149223834463605,-0.050820083872236035,0.01118764261368605
2024-07-16,49.0,45.0,53.0,-54.15757848476176,-0.05779926830097833,0.013064982672721147
2024-07-17,49.0,45.0,53.0,-54.16593313505991,-0.05565191084507616,0.01476610043664136
2024-07-18,49.0,45.0,54.0,-54.17428778535806,-0.059791842999948275,0.016261220507690508
2024-07-19,49.0,44.0,53.0,-54.18264243565621,-0.0484252106518362,0.017524716395493176
2024-07-20,52.0,48.0,56.0,-54.19099708595435,0.13735195994752988,0.018535675713253198
2024-07-21,52.0,48.0,56.0,-54.1993517362525,0.13513635672273835,0.019278357484494066
2024-07-22,49.0,45.0,53.0,-54.207706386550655,-0.0508200838723635,0.019742531902587457
2024-07-23,49.0,45.0,53.0,-54.21606103684881,-0.057799268300994626,0.019923695686935496
2024-07-24,49.0,45.0,53.0,-54.22441568714696,-0.05565191084507733,0.019823159104155403
2024-07-25,49.0,45.0,53.0,-54.23277033744511,-0.05979184299992911,0.019448003700133915
2024-07-26,49.0,44.0,53.0,-54.24112498774326,-0.04842521065239623,0.018810912747218255
2024-07-27,52.0,48.0,56.0,-54.24947963804141,0.1373519599475918,0.01792987928177176
2024-07-28,52.0,48.0,56.0,-54.25783428833956,0.13513635672252744,0.016827799324770878
2024-07-29,49.0,45.0,53.0,-54.266188938637704,-0.05082008387237439,0.015531960381341251
2024-07-30,49.0,45.0,53.0,-54.274543588935856,-0.057799268300946866,0.014073437549863493
2024-07-31,49.0,45.0,53.0,-54.28289823923401,-0.05565191084507051,0.01248641149035767
2024-08-01,50.0,45.0,54.0,-54.29125288953216,-0.05979184300004237,0.010807424067080698
2024-08-02,49.0,45.0,53.0,-54.299607539830305,-0.04842521065214721,0.009074588662010883
2024-08-03,53.0,48.0,57.0,-54.30796219012846,0.13735195994780033,0.007326772934889242
2024-08-04,53.0,49.0,57.0,-54.31631684042661,0.1351363567224626,0.005602772171818362
2024-08-05,50.0,45.0,54.0,-54.32467149072476,-0.05082008387238526,0.0039404913178055405
2024-08-06,50.0,46.0,54.0,-54.333026141022906,-0.05779926830096317,0.002376153339538198
2024-08-07,50.0,46.0,54.0,-54.34138079132106,-0.055651910845071685,0.0009435507311241474
2024-08-08,50.0,46.0,55.0,-54.34973544161921,-0.059791843000023215,-0.0003266442150219374
2024-08-09,50.0,46.0,54.0,-54.358090091917354,-0.04842521065213444,-0.0014074962628852286
2024-08-10,53.0,49.0,57.0,-54.366444742215506,0.13735195994786223,-0.0022763388979390245
2024-08-11,53.0,49.0,57.0,-54.37479939251366,0.135136356722938,-0.0029152105164573774
2024-08-12,50.0,46.0,54.0,-54.38315404281181,-0.050820083872190044,-0.0033111870663277846
2024-08-13,50.0,46.0,55.0,-54.39150869310996,-0.057799268300851366,-0.0034566054109197736
2024-08-14,56.0,52.0,61.0,-54.39986334340811,-0.055651910845074065,-0.0033491741087045106
2024-08-15,64.0,60.0,68.0,-54.40821799370625,-0.05979184300007026,-0.0029919707440042463
2024-08-16,56.0,52.0,60.0,-54.416572644004404,-0.048425210652576364,-0.0023933273549001134
2024-08-17,53.0,49.0,57.0,-54.424927294302556,0.13735195994807076,-0.0015666078321925625
2024-08-18,63.0,59.0,68.0,-54.43328194460071,0.13513635672287316,-0.0005298833598808483
2024-08-19,73.0,68.0,77.0,-54.44163659489886,-0.050820083872317554,0.0006944860101657669
2024-08-20,60.0,56.0,64.0,-54.44999124519701,-0.05779926830086766,0.0020803537471974524
2024-08-21,50.0,46.0,54.0,-54.458345895495164,-0.05565191084507524,0.0035983617276033777
2024-08-22,50.0,46.0,54.0,-54.46670054579331,-0.059791842999941204,0.00521657485840411
2024-08-23,49.0,45.0,53.0,-54.47505519609145,-0.04842521065244547,0.006901161675885843
2024-08-24,53.0,49.0,57.0,-54.483409846389605,0.13735195994798602,0.008617106457739465
2024-08-25,53.0,49.0,57.0,-54.49176449668776,0.13513635672266222,0.010328937996840775
2024-08-26,49.0,45.0,53.0,-54.50011914698591,-0.05082008387232842,0.012001460102183602
2024-08-27,50.0,46.0,54.0,-54.50847379728406,-0.057799268301002626,0.013600469111533842
2024-08-28,49.0,46.0,54.0,-54.51682844758221,-0.055651910845077625,0.015093444206575182
2024-08-29,50.0,45.0,54.0,-54.52518309788036,-0.05979184299998826,0.016450197097845582
2024-08-30,49.0,44.0,53.0,-54.53353774817851,-0.04842521065231456,0.01764346866886967
2024-08-31,52.0,48.0,56.0,-54.541892398476655,0.13735195994819455,0.018649461411130986
2024-09-01,52.0,48.0,57.0,-54.55024704877481,0.13513635672259738,0.019448297912449734
2024-09-02,49.0,45.0,53.0,-54.55860169907296,-0.050820083872339286,0.020024397248461633
2024-09-03,49.0,45.0,53.0,-54.56695634937111,-0.05779926830095486,0.020366762836078703
2024-09-04,49.0,45.0,53.0,-54.575310999669256,-0.055651910845077604,0.020469177103056513
2024-09-05,49.0,45.0,53.0,-54.58366564996741,-0.0597918430000353,0.020330300173887594
2024-09-06,49.0,45.0,53.0,-54.59202030026556,-0.04842521065230179,0.019953671633906683
2024-09-07,52.0,48.0,57.0,-54.60037495056371,0.13735195994773172,0.019347616276456446
2024-09-08,52.0,48.0,56.0,-54.60872960086186,0.13513635672307278,0.018525056530158058
2024-09-09,49.0,45.0,53.0,-54.61708425116001,-0.05082008387246678,0.017503235974089322
2024-09-10,50.0,46.0,54.0,-54.62543890145816,-0.0577992683009071,0.0163033599506327
2024-09-11,50.0,46.0,54.0,-54.633793551756305,-0.05565191084507998,0.014950160753401096
2024-09-12,50.0,46.0,54.0,-54.64214820205446,-0.05979184299990624,0.013471396180037565
2024-09-13,49.0,45.0,54.0,-54.65050285235261,-0.04842521065228902,0.011897291377132394
2024-09-14,53.0,49.0,57.0,-54.65885750265076,0.13735195994779362,0.010259934853019308
2024-09-15,53.0,49.0,57.0,-54.66721215294891,0.13513635672315405,0.008592640280807279
2024-09-16,50.0,45.0,54.0,-54.675566803247065,-0.05082008387259429,0.006929286251278384
2024-09-17,50.0,46.0,54.0,-54.6839214535452,-0.05779926830092339,0.0053036464574878735
2024-09-18,50.0,46.0,54.0,-54.692276103843355,-0.05565191084507317,0.003748722898438237
2024-09-19,51.0,46.0,55.0,-54.70063075414151,-0.059791842999887074,0.002296094579258003
2024-09-20,50.0,46.0,54.0,-54.70898540443966,-0.048425210652158115,0.0009752938642438409
2024-09-21,74.0,70.0,78.0,-54.71734005473781,0.13735195994785554,-0.00018677788625447644
2024-09-22,99.0,95.0,103.0,-54.72569470503596,0.1351363567229431,-0.0011663844840310439
2024-09-23,71.0,67.0,75.0,-54.734049355334115,-0.05082008387216581,-0.0019434288774906276
2024-09-24,51.0,46.0,55.0,-54.74240400563225,-0.057799268300939705,-0.002501857973653221
2024-09-25,51.0,46.0,55.0,-54.75075865593041,-0.05565191084507434,-0.0028299906005341364
2024-09-26,51.0,47.0,55.0,-54.759113306228556,-0.05979184300000036,-0.0029207622469590317
2024-09-27,50.0,46.0,55.0,-54.76746795652671,-0.04842521065202722,-0.002771881683350283
2024-09-28,54.0,49.0,57.0,-54.77582260682486,0.13735195994806404,-0.002385896124119759
2024-09-29,54.0,49.0,58.0,-54.78417725712301,0.1351363567228783,-0.0017701632160571123
2024-09-30,50.0,46.0,55.0,-54.79253190742116,-0.050820083872176694,-0.0009367298034383608
2024-10-01,40.0,35.0,44.0,-54.80088655771931,-0.05779926830089194,9.788089672682762e-05
2024-10-02,42.0,38.0,46.0,-54.80924120801746,-0.05565191084507553,0.0013129704027027224
2024-10-03,40.0,36.0,43.0,-54.817595858315606,-0.05979184299998118,0.0026840494165360886
2024-10-04,37.0,33.0,41.0,-54.82595050861376,-0.04842521065246914,0.004183299097573582
2024-10-05,40.0,36.0,44.0,-54.83430515891191,0.1373519599482726,0.005780101163880469
2024-10-06,40.0,36.0,44.0,-54.84265980921006,0.13513635672266736,0.007441627459836192
2024-10-07,37.0,33.0,41.0,-54.85101445950821,-0.050820083872420804,0.009133478406232621
2024-10-08,37.0,33.0,41.0,-54.85936910980636,-0.057799268300844156,0.010820358694208202
2024-10-09,37.0,33.0,41.0,-54.86772376010451,-0.055651910845068715,0.01246677771858629
2024-10-10,37.0,33.0,41.0,-54.876078410402656,-0.05979184300002823,0.014037761589613616
2024-10-11,36.0,32.0,40.0,-54.884433060700815,-0.04842521065245636,0.015499563132283406
2024-10-12,40.0,35.0,44.0,-54.89278771099896,0.1373519599476631,0.016820356093556744
2024-10-13,40.0,36.0,44.0,-54.901142361297104,0.13513635672260252,0.017970899839959514
2024-10-14,59.0,55.0,64.0,-54.909497011595256,-0.05082008387243167,0.018925161148290244
2024-10-15,87.0,83.0,91.0,-54.91785166189341,-0.05779926830097914,0.019660880272032787
2024-10-16,59.0,55.0,64.0,-54.92620631219156,-0.05565191084506989,0.020160069303087676
2024-10-17,37.0,33.0,41.0,-54.93456096248971,-0.05979184300000906,0.020409431934691302
2024-10-18,36.0,32.0,40.0,-54.942915612787864,-0.04842521065220734,0.020400695054380767
2024-10-19,39.0,35.0,44.0,-54.95127026308601,0.13735195994757837,0.020130844137353096
2024-10-20,40.0,36.0,44.0,-54.95962491338416,0.1351363567230779,0.019602256147692648
2024-10-21,36.0,32.0,41.0,-54.967979563682306,-0.05082008387255917,0.018822725559825348
2024-10-22,37.0,32.0,41.0,-54.97633421398046,-0.057799268300931385,0.01780538115260141
2024-10-23,37.0,33.0,41.0,-54.98468886427861,-0.05565191084507226,0.016568493367409023
2024-10-24,37.0,33.0,41.0,-54.99304351457676,-0.05979184300005612,0.015135174219025743
2024-10-25,36.0,33.0,40.0,-55.001398164874914,-0.04842521065219457,0.013532973961295965
2024-10-26,40.0,35.0,44.0,-55.00975281517306,0.13735195994778693,0.011793380893387953
2024-10-27,40.0,36.0,44.0,-55.01810746547121,0.13513635672301308,0.009951232801117874
2024-10-28,37.0,33.0,41.0,-55.026462115769355,-0.05082008387257004,0.008044050514365386
2024-10-29,37.0,33.0,42.0,-55.034816766067514,-0.057799268300883624,0.006111305881149008
2024-10-30,37.0,33.0,42.0,-55.04317141636566,-0.05565191084507223,0.00419363806769436
2024-10-31,71.0,67.0,75.0,-55.05152606666381,-0.05979184299992705,0.002332033451255111
2024-11-01,124.0,120.0,128.0,-55.05988071696196,-0.04842521065206366,0.0005669854417211526
2024-11-02,87.0,83.0,91.0,-55.06823536726011,0.13735195994799543,-0.001062348681356927
2024-11-03,54.0,50.0,58.0,-55.07659001755826,0.13513635672280214,-0.0025189764246734544
2024-11-04,51.0,47.0,55.0,-55.08494466785641,-0.05082008387269754,-0.0037688666960718643
2024-11-05,51.0,47.0,55.0,-55.093299318154564,-0.05779926830108263,-0.0047816971772067255
2024-11-06,51.0,47.0,55.0,-55.10165396845271,-0.05565191084507461,-0.005531535962710199
2024-11-07,51.0,47.0,55.0,-55.11000861875086,-0.059791842999974115,-0.005997442056829552
2024-11-08,51.0,47.0,55.0,-55.118363269049006,-0.048425210652505594,-0.006163970758859526
2024-11-09,79.0,75.0,83.0,-55.12671791934716,0.13735195994805732,-0.006021571744244497
2024-11-10,109.0,105.0,114.0,-55.13507256964531,0.1351363567228834,-0.005566869728477033
2024-11-11,76.0,71.0,80.0,-55.14342721994346,-0.05082008387226908,-0.004802819946311309
2024-11-12,64.0,59.0,68.0,-55.151781870241614,-0.05779926830097082,-0.0037387332438278556
2024-11-13,79.0,75.0,82.0,-55.16013652053976,-0.055651910845077,-0.0023901683122854542
2024-11-14,64.0,60.0,68.0,-55.16849117083792,-0.059791842999954936,-0.0007786914334141741
2024-11-15,50.0,46.0,55.0,-55.176845821136055,-0.04842521065237469,0.0010684930067932398
2024-11-16,54.0,49.0,57.0,-55.18520047143421,0.13735195994774113,0.0031190351088958997
2024-11-17,54.0,49.0,57.0,-55.19355512173236,0.1351363567226725,0.005336046241860453
2024-11-18,50.0,46.0,54.0,-55.20190977203051,-0.050820083872396574,0.007678808465230398
2024-11-19,50.0,46.0,55.0,-55.21026442232866,-0.057799268300987125,0.010103572615639498
2024-11-20,50.0,46.0,54.0,-55.218619072626815,-0.05565191084507818,0.012564428929697896
2024-11-21,50.0,46.0,54.0,-55.22697372292497,-0.05979184300006821,0.01501423225006945
2024-11-22,50.0,45.0,54.0,-55.235328373223105,-0.0484252106522438,0.017405562413112873
2024-11-23,53.0,49.0,57.0,-55.243683023521264,0.1373519599476564,0.019691699383923365
2024-11-24,53.0,49.0,57.0,-55.25203767381941,0.13513635672246158,0.021827592120203618
2024-11-25,49.0,45.0,54.0,-55.26039232411756,-0.05082008387252406,0.023770800031584174
2024-11-26,50.0,45.0,54.0,-55.26874697441571,-0.05779926830093937,0.025482386265921066
2024-11-27,49.0,45.0,54.0,-55.277101624713865,-0.05565191084507257,0.026927742898445788
2024-11-28,50.0,46.0,54.0,-55.28545627501201,-0.05979184300004904,0.028077329411391683
2024-11-29,49.0,45.0,53.0,-55.293810925310154,-0.0484252106521129,0.02890730760667825
2024-11-30,52.0,48.0,57.0,-55.30216557560831,0.13735195994786495,0.029400058258323668
2024-12-01,52.0,49.0,57.0,-55.31052022590646,0.1351363567223967,0.02954456733897598
2024-12-02,49.0,45.0,53.0,-55.31887487620461,-0.050820083872095606,0.02933667249163125
2024-12-03,50.0,45.0,54.0,-55.32722952650276,-0.057799268300891604,0.028779163500467275
2024-12-04,49.0,45.0,54.0,-55.335584176800914,-0.05565191084507255,0.027881733773467247
2024-12-05,50.0,46.0,54.0,-55.34393882709906,-0.059791842999986196,0.026660783209334748
2024-12-06,49.0,46.0,54.0,-55.35229347739721,-0.04842521065210011,0.02513907620278835
2024-12-07,53.0,48.0,57.0,-55.36064812769536,0.13735195994792684,0.02334526186607787
2024-12-08,53.0,49.0,57.0,-55.36900277799351,0.135136356722726,0.02131326672953322
2024-12-09,50.0,45.0,54.0,-55.37735742829167,-0.050820083872106465,0.01908157315344209
2024-12-10,50.0,46.0,54.0,-55.38571207858981,-0.05779926830084385,0.01669239936359192
2024-12-11,67.0,63.0,71.0,-55.39406672888796,-0.055651910845074926,0.014190799346749938
2024-12-12,88.0,84.0,92.0,-55.40242137918611,-0.059791842999967024,0.01162370275094329
2024-12-13,67.0,63.0,71.0,-55.41077602948426,-0.048425210652542044,0.009038916379255768
2024-12-14,54.0,50.0,58.0,-55.41913067978241,0.1373519599479887,0.006484109806789108
2024-12-15,54.0,50.0,58.0,-55.427485330080565,0.13513635672280727,0.00400580806121632
2024-12-16,51.0,47.0,55.0,-55.43583998037872,-0.0508200838723506,0.001648414175368481
2024-12-17,51.0,47.0,55.0,-55.44419463067686,-0.05779926830086014,-0.0005467162554756797
2024-12-18,51.0,47.0,55.0,-55.452549280975006,-0.05565191084507609,-0.002542127584800282
2024-12-19,52.0,48.0,56.0,-55.46090393127316,-0.05979184299994787,-0.004305024477635136
2024-12-20,51.0,47.0,55.0,-55.46925858157131,-0.04842521065252927,-0.005807923082078577
2024-12-21,54.0,51.0,59.0,-55.47761323186946,0.13735195994805063,-0.007029178554432014
2024-12-22,55.0,50.0,59.0,-55.485967882167614,0.13513635672274246,-0.007953377422189718
2024-12-23,51.0,47.0,56.0,-55.494322532465766,-0.05082008387236146,-0.00857158648898169
2024-12-24,60.0,56.0,64.0,-55.50267718276391,-0.0577992683009951,-0.008881453407909131
2024-12-25,70.0,66.0,74.0,-55.51103183306206,-0.05565191084507727,-0.008887157590378959
2024-12-26,60.0,56.0,64.0,-55.51938648336021,-0.059791843000061136,-0.008599213689122209
2024-12-27,51.0,47.0,55.0,-55.52774113365837,-0.048425210652280254,-0.00803413340849459
2024-12-28,55.0,50.0,59.0,-55.53609578395651,0.13735195994825913,-0.007213954764454928
2024-12-29,55.0,50.0,59.0,-55.544450434254664,0.1351363567232178,-0.006165651057102489
2024-12-30,64.0,60.0,68.0,-55.552805084552816,-0.05082008387237234,-0.0049204346515330025
2024-12-31,79.0,75.0,84.0,-55.56115973485096,-0.05779926830101141,-0.0035129731170933324
2025-01-01,64.0,60.0,68.0,-55.56951438514911,-0.05565191084507845,-0.001980537288963638
2025-01-02,51.0,47.0,56.0,-55.57786903544726,-0.059791843000041964,-0.0003621023394028873
2025-01-03,51.0,47.0,55.0,-55.586223685745416,-0.04842521065226747,0.0013025760598252625
2025-01-04,54.0,50.0,58.0,-55.59457833604356,0.1373519599477963,0.002973887961672186
2025-01-05,54.0,50.0,58.0,-55.60293298634171,0.1351363567230069,0.004613275356119495
2025-01-06,51.0,46.0,55.0,-55.61128763663986,-0.05082008387261646,0.006184096655688249
2025-01-07,51.0,47.0,55.0,-55.61964228693801,-0.057799268300899584,0.007652428965053895
2025-01-08,51.0,47.0,55.0,-55.62799693723616,-0.05565191084507165,0.008987789380940785
2025-01-09,51.0,47.0,55.0,-55.636351587534314,-0.0597918429999129,0.010163758767720112
2025-01-10,50.0,47.0,54.0,-55.644706237832466,-0.048425210652254705,0.011158494060059221
2025-01-11,54.0,49.0,58.0,-55.65306088813061,0.13735195994800486,0.01195511808832522
2025-01-12,54.0,49.0,58.0,-55.66141553842877,0.13513635672294205,0.01254197912831868
2025-01-13,61.0,57.0,65.0,-55.66977018872691,-0.050820083872627334,0.012912775761009103
2025-01-14,116.0,112.0,120.0,-55.67812483902506,-0.057799268300915876,0.013066546101641324
2025-01-15,61.0,57.0,65.0,-55.68647948932321,-0.05565191084507283,0.013007523930794164
2025-01-16,51.0,47.0,55.0,-55.69483413962136,-0.059791842999893735,0.012744867642179549
2025-01-17,50.0,46.0,54.0,-55.703188789919516,-0.04842521065200568,0.012292271125289907
2025-01-18,54.0,50.0,58.0,-55.71154344021766,0.1373519599477735,0.011667468642582344
2025-01-19,54.0,50.0,58.0,-55.71989809051581,0.13513635672287724,0.010891648364887898
2025-01-20,51.0,46.0,55.0,-55.72825274081396,-0.050820083872198864,0.00998879142775011
2025-01-21,51.0,47.0,55.0,-55.73660739111211,-0.05779926830093218,0.00898495511018264
2025-01-22,51.0,47.0,55.0,-55.74496204141026,-0.055651910845075196,0.007907519971409998
2025-01-23,51.0,47.0,55.0,-55.75331669170841,-0.05979184299994078,0.00678442148103424
2025-01-24,51.0,46.0,55.0,-55.761671342006565,-0.0484252106519929,0.005643386827230377
2025-01-25,58.0,54.0,63.0,-55.77002599230472,0.1373519599474573,0.004511197185397815
2025-01-26,64.0,60.0,68.0,-55.77838064260286,0.1351363567228124,0.003412994789501916
2025-01-27,55.0,51.0,59.0,-55.786735292901014,-0.05082008387220973,0.0023716526982538733
2025-01-28,51.0,48.0,56.0,-55.795089943199166,-0.05779926830082036,0.0014072232297434022
2025-01-29,51.0,47.0,56.0,-55.80344459349731,-0.055651910845075175,0.0005364787055940509
2025-01-30,52.0,47.0,56.0,-55.81179924379546,-0.05979184299998784,-0.00022744453613105197
